#ifdef LV_LVGL_H_INCLUDE_SIMPLE
#include "lvgl.h"
#else
#include "lvgl/lvgl.h"
#endif

#ifndef INTER_BLACK_32
#define INTER_BLACK_32 1
#endif

#if INTER_BLACK_32

static LV_ATTRIBUTE_LARGE_CONST const uint8_t glyph_bitmap[] = {

    0x3f, 0xff, 0xff, 0xf6, 0x2f, 0xff, 0xff, 0xf5,
    0x2f, 0xff, 0xff, 0xf5, 0x1f, 0xff, 0xff, 0xf4,
    0x1f, 0xff, 0xff, 0xf4, 0x1f, 0xff, 0xff, 0xf3,
    0xf, 0xff, 0xff, 0xf3, 0xf, 0xff, 0xff, 0xf3,
    0xf, 0xff, 0xff, 0xf2, 0xf, 0xff, 0xff, 0xf2,
    0xe, 0xff, 0xff, 0xf1, 0xe, 0xff, 0xff, 0xf1,
    0xd, 0xff, 0xff, 0xf0, 0xd, 0xff, 0xff, 0xf0,
    0xc, 0xff, 0xff, 0xf0, 0xc, 0xff, 0xff, 0xf0,
    0x3, 0x44, 0x44, 0x40, 0x0, 0x3, 0x41, 0x0,
    0x4, 0xef, 0xff, 0x60, 0xe, 0xff, 0xff, 0xf2,
    0x2f, 0xff, 0xff, 0xf5, 0x2f, 0xff, 0xff, 0xf5,
    0xc, 0xff, 0xff, 0xe1, 0x1, 0xae, 0xfb, 0x20,

    0xef, 0xff, 0xfd, 0x0, 0xdf, 0xff, 0xfe, 0xdf,
    0xff, 0xfc, 0x0, 0xcf, 0xff, 0xfd, 0xcf, 0xff,
    0xfb, 0x0, 0xbf, 0xff, 0xfc, 0xcf, 0xff, 0xfa,
    0x0, 0xaf, 0xff, 0xfb, 0xbf, 0xff, 0xf9, 0x0,
    0x9f, 0xff, 0xfa, 0xaf, 0xff, 0xf8, 0x0, 0x9f,
    0xff, 0xf9, 0x9f, 0xff, 0xf7, 0x0, 0x8f, 0xff,
    0xf9, 0x8f, 0xff, 0xf6, 0x0, 0x7f, 0xff, 0xf8,
    0x7f, 0xff, 0xf6, 0x0, 0x6f, 0xff, 0xf7, 0x6f,
    0xff, 0xf5, 0x0, 0x5f, 0xff, 0xf6, 0x39, 0x99,
    0x92, 0x0, 0x29, 0x99, 0x93,

    0x0, 0x0, 0x0, 0xff, 0xff, 0x90, 0x0, 0xcf,
    0xff, 0xc0, 0x0, 0x0, 0x0, 0x1f, 0xff, 0xf7,
    0x0, 0xe, 0xff, 0xfa, 0x0, 0x0, 0x0, 0x3,
    0xff, 0xff, 0x50, 0x0, 0xff, 0xff, 0x80, 0x0,
    0x0, 0x0, 0x6f, 0xff, 0xf2, 0x0, 0x3f, 0xff,
    0xf5, 0x0, 0x0, 0x0, 0x8, 0xff, 0xff, 0x0,
    0x5, 0xff, 0xff, 0x30, 0x0, 0x0, 0x0, 0xaf,
    0xff, 0xe0, 0x0, 0x7f, 0xff, 0xf1, 0x0, 0x0,
    0xcf, 0xff, 0xff, 0xff, 0xff, 0xff, 0xff, 0xff,
    0xff, 0xe0, 0xf, 0xff, 0xff, 0xff, 0xff, 0xff,
    0xff, 0xff, 0xff, 0xfb, 0x2, 0xff, 0xff, 0xff,
    0xff, 0xff, 0xff, 0xff, 0xff, 0xff, 0x90, 0x4f,
    0xff, 0xff, 0xff, 0xff, 0xff, 0xff, 0xff, 0xff,
    0xf6, 0x4, 0xaa, 0xdf, 0xff, 0xfa, 0xaa, 0xcf,
    0xff, 0xfb, 0xaa, 0x20, 0x0, 0xa, 0xff, 0xfe,
    0x0, 0x7, 0xff, 0xff, 0x10, 0x0, 0x0, 0x0,
    0xdf, 0xff, 0xb0, 0x0, 0xaf, 0xff, 0xe0, 0x0,
    0x0, 0x0, 0xf, 0xff, 0xf9, 0x0, 0xc, 0xff,
    0xfb, 0x0, 0x0, 0x1f, 0xff, 0xff, 0xff, 0xff,
    0xff, 0xff, 0xff, 0xff, 0xf9, 0x4, 0xff, 0xff,
    0xff, 0xff, 0xff, 0xff, 0xff, 0xff, 0xff, 0x60,
    0x7f, 0xff, 0xff, 0xff, 0xff, 0xff, 0xff, 0xff,
    0xff, 0xf4, 0x9, 0xff, 0xff, 0xff, 0xff, 0xff,
    0xff, 0xff, 0xff, 0xff, 0x10, 0x7a, 0xaf, 0xff,
    0xfe, 0xaa, 0xae, 0xff, 0xff, 0xaa, 0x90, 0x0,
    0x0, 0xff, 0xff, 0x90, 0x0, 0xcf, 0xff, 0xc0,
    0x0, 0x0, 0x0, 0x1f, 0xff, 0xf7, 0x0, 0xe,
    0xff, 0xf9, 0x0, 0x0, 0x0, 0x4, 0xff, 0xff,
    0x40, 0x1, 0xff, 0xff, 0x70, 0x0, 0x0, 0x0,
    0x7f, 0xff, 0xf1, 0x0, 0x4f, 0xff, 0xf4, 0x0,
    0x0, 0x0, 0x9, 0xff, 0xff, 0x0, 0x6, 0xff,
    0xff, 0x10, 0x0, 0x0,

    0x0, 0x0, 0x0, 0x0, 0x0, 0xfe, 0x0, 0x0,
    0x0, 0x0, 0x0, 0x0, 0x0, 0x0, 0x0, 0xf,
    0xe0, 0x0, 0x0, 0x0, 0x0, 0x0, 0x0, 0x0,
    0x0, 0x0, 0xfe, 0x0, 0x0, 0x0, 0x0, 0x0,
    0x0, 0x0, 0x5, 0xbd, 0xff, 0xff, 0xda, 0x50,
    0x0, 0x0, 0x0, 0x0, 0x4e, 0xff, 0xff, 0xff,
    0xff, 0xff, 0xd2, 0x0, 0x0, 0x0, 0x7f, 0xff,
    0xff, 0xff, 0xff, 0xff, 0xff, 0xf3, 0x0, 0x0,
    0x5f, 0xff, 0xff, 0xff, 0xff, 0xff, 0xff, 0xff,
    0xe0, 0x0, 0xe, 0xff, 0xff, 0xff, 0xff, 0xff,
    0xff, 0xff, 0xff, 0x70, 0x4, 0xff, 0xff, 0xff,
    0xd6, 0xfe, 0x7f, 0xff, 0xff, 0xfc, 0x0, 0x7f,
    0xff, 0xff, 0xf3, 0xf, 0xe0, 0x4f, 0xff, 0xff,
    0xf0, 0x7, 0xff, 0xff, 0xff, 0x30, 0xfe, 0x0,
    0x9a, 0xaa, 0xaa, 0x0, 0x6f, 0xff, 0xff, 0xfe,
    0x4f, 0xe0, 0x0, 0x0, 0x0, 0x0, 0x2, 0xff,
    0xff, 0xff, 0xff, 0xff, 0x74, 0x0, 0x0, 0x0,
    0x0, 0xb, 0xff, 0xff, 0xff, 0xff, 0xff, 0xff,
    0xa3, 0x0, 0x0, 0x0, 0x1d, 0xff, 0xff, 0xff,
    0xff, 0xff, 0xff, 0xfa, 0x0, 0x0, 0x0, 0x1a,
    0xff, 0xff, 0xff, 0xff, 0xff, 0xff, 0xfc, 0x0,
    0x0, 0x0, 0x2, 0x9d, 0xff, 0xff, 0xff, 0xff,
    0xff, 0xf8, 0x0, 0x0, 0x0, 0x0, 0x1, 0x5f,
    0xff, 0xff, 0xff, 0xff, 0xf0, 0x8, 0x88, 0x88,
    0x70, 0x0, 0xfe, 0x2c, 0xff, 0xff, 0xff, 0x40,
    0xff, 0xff, 0xff, 0x10, 0xf, 0xe0, 0x1f, 0xff,
    0xff, 0xf5, 0xe, 0xff, 0xff, 0xf9, 0x0, 0xfe,
    0x3, 0xff, 0xff, 0xff, 0x50, 0xaf, 0xff, 0xff,
    0xfb, 0x5f, 0xe6, 0xef, 0xff, 0xff, 0xf3, 0x5,
    0xff, 0xff, 0xff, 0xff, 0xff, 0xff, 0xff, 0xff,
    0xfe, 0x0, 0xc, 0xff, 0xff, 0xff, 0xff, 0xff,
    0xff, 0xff, 0xff, 0x70, 0x0, 0x1d, 0xff, 0xff,
    0xff, 0xff, 0xff, 0xff, 0xff, 0xb0, 0x0, 0x0,
    0x1a, 0xff, 0xff, 0xff, 0xff, 0xff, 0xff, 0x80,
    0x0, 0x0, 0x0, 0x2, 0x8c, 0xef, 0xff, 0xfe,
    0xb7, 0x10, 0x0, 0x0, 0x0, 0x0, 0x0, 0x0,
    0xf, 0xe0, 0x0, 0x0, 0x0, 0x0, 0x0, 0x0,
    0x0, 0x0, 0x0, 0xfe, 0x0, 0x0, 0x0, 0x0,
    0x0, 0x0, 0x0, 0x0, 0x0, 0x9, 0x80, 0x0,
    0x0, 0x0, 0x0,

    0x0, 0x18, 0xdf, 0xec, 0x60, 0x0, 0x0, 0x0,
    0x0, 0x0, 0x9f, 0xff, 0x20, 0x0, 0x0, 0x2,
    0xef, 0xff, 0xff, 0xfb, 0x0, 0x0, 0x0, 0x0,
    0x4, 0xff, 0xf7, 0x0, 0x0, 0x0, 0xd, 0xff,
    0xff, 0xff, 0xff, 0x80, 0x0, 0x0, 0x0, 0xd,
    0xff, 0xc0, 0x0, 0x0, 0x0, 0x5f, 0xff, 0xfa,
    0xcf, 0xff, 0xf0, 0x0, 0x0, 0x0, 0x9f, 0xff,
    0x20, 0x0, 0x0, 0x0, 0x9f, 0xff, 0x80, 0xd,
    0xff, 0xf3, 0x0, 0x0, 0x4, 0xff, 0xf7, 0x0,
    0x0, 0x0, 0x0, 0xaf, 0xff, 0x50, 0xa, 0xff,
    0xf5, 0x0, 0x0, 0xd, 0xff, 0xc0, 0x0, 0x0,
    0x0, 0x0, 0xaf, 0xff, 0x50, 0xa, 0xff, 0xf5,
    0x0, 0x0, 0x9f, 0xff, 0x20, 0x0, 0x0, 0x0,
    0x0, 0x9f, 0xff, 0x80, 0xd, 0xff, 0xf3, 0x0,
    0x4, 0xff, 0xf7, 0x0, 0x0, 0x0, 0x0, 0x0,
    0x5f, 0xff, 0xfb, 0xcf, 0xff, 0xf0, 0x0, 0xd,
    0xff, 0xc0, 0x0, 0x0, 0x0, 0x0, 0x0, 0xd,
    0xff, 0xff, 0xff, 0xff, 0x80, 0x0, 0x9f, 0xff,
    0x20, 0x0, 0x0, 0x0, 0x0, 0x0, 0x3, 0xef,
    0xff, 0xff, 0xfb, 0x0, 0x4, 0xff, 0xf7, 0x0,
    0x0, 0x0, 0x0, 0x0, 0x0, 0x0, 0x18, 0xdf,
    0xec, 0x60, 0x0, 0xd, 0xff, 0xc0, 0x0, 0x3,
    0x78, 0x74, 0x0, 0x0, 0x0, 0x0, 0x0, 0x0,
    0x0, 0x0, 0x9f, 0xff, 0x20, 0x1, 0xbf, 0xff,
    0xff, 0xd2, 0x0, 0x0, 0x0, 0x0, 0x0, 0x0,
    0x4, 0xff, 0xf7, 0x0, 0xc, 0xff, 0xff, 0xff,
    0xfe, 0x0, 0x0, 0x0, 0x0, 0x0, 0x0, 0xd,
    0xff, 0xc0, 0x0, 0x6f, 0xff, 0xff, 0xff, 0xff,
    0x80, 0x0, 0x0, 0x0, 0x0, 0x0, 0x9f, 0xff,
    0x20, 0x0, 0xbf, 0xff, 0x90, 0x6f, 0xff, 0xe0,
    0x0, 0x0, 0x0, 0x0, 0x4, 0xff, 0xf7, 0x0,
    0x0, 0xef, 0xff, 0x20, 0xf, 0xff, 0xf0, 0x0,
    0x0, 0x0, 0x0, 0xd, 0xff, 0xc0, 0x0, 0x0,
    0xef, 0xff, 0x10, 0xe, 0xff, 0xf1, 0x0, 0x0,
    0x0, 0x0, 0x9f, 0xff, 0x20, 0x0, 0x0, 0xef,
    0xff, 0x10, 0xe, 0xff, 0xf1, 0x0, 0x0, 0x0,
    0x4, 0xff, 0xf7, 0x0, 0x0, 0x0, 0xcf, 0xff,
    0x50, 0x2f, 0xff, 0xf0, 0x0, 0x0, 0x0, 0xd,
    0xff, 0xc0, 0x0, 0x0, 0x0, 0x8f, 0xff, 0xfa,
    0xef, 0xff, 0xb0, 0x0, 0x0, 0x0, 0x9f, 0xff,
    0x20, 0x0, 0x0, 0x0, 0x2f, 0xff, 0xff, 0xff,
    0xff, 0x30, 0x0, 0x0, 0x4, 0xff, 0xf7, 0x0,
    0x0, 0x0, 0x0, 0x5, 0xff, 0xff, 0xff, 0xf7,
    0x0, 0x0, 0x0, 0xd, 0xff, 0xd0, 0x0, 0x0,
    0x0, 0x0, 0x0, 0x2a, 0xef, 0xea, 0x30, 0x0,

    0x0, 0x0, 0x0, 0x29, 0xdf, 0xed, 0x81, 0x0,
    0x0, 0x0, 0x0, 0x0, 0x0, 0x0, 0x7f, 0xff,
    0xff, 0xff, 0xe4, 0x0, 0x0, 0x0, 0x0, 0x0,
    0x0, 0x7f, 0xff, 0xff, 0xff, 0xff, 0xf2, 0x0,
    0x0, 0x0, 0x0, 0x0, 0x2f, 0xff, 0xff, 0xff,
    0xff, 0xff, 0xb0, 0x0, 0x0, 0x0, 0x0, 0x8,
    0xff, 0xff, 0xff, 0xff, 0xff, 0xff, 0x0, 0x0,
    0x0, 0x0, 0x0, 0xcf, 0xff, 0xfb, 0x12, 0xcf,
    0xff, 0xf3, 0x0, 0x0, 0x0, 0x0, 0xd, 0xff,
    0xff, 0x40, 0x6, 0xff, 0xff, 0x20, 0x0, 0x0,
    0x0, 0x0, 0xcf, 0xff, 0xf6, 0x0, 0xbf, 0xff,
    0xf0, 0x0, 0x0, 0x0, 0x0, 0x9, 0xff, 0xff,
    0xd1, 0xbf, 0xff, 0xfb, 0x0, 0x0, 0x0, 0x0,
    0x0, 0x3f, 0xff, 0xff, 0xff, 0xff, 0xff, 0x20,
    0x0, 0x0, 0x0, 0x0, 0x0, 0xcf, 0xff, 0xff,
    0xff, 0xff, 0x50, 0x0, 0x0, 0x0, 0x0, 0x0,
    0x3, 0xff, 0xff, 0xff, 0xfe, 0x40, 0x5, 0x55,
    0x55, 0x0, 0x0, 0x2, 0xdf, 0xff, 0xff, 0xff,
    0x50, 0x0, 0xff, 0xff, 0xf0, 0x0, 0x3, 0xff,
    0xff, 0xff, 0xff, 0xff, 0x30, 0x2f, 0xff, 0xfe,
    0x0, 0x2, 0xff, 0xff, 0xff, 0xff, 0xff, 0xfe,
    0x28, 0xff, 0xff, 0xc0, 0x0, 0xaf, 0xff, 0xff,
    0xa8, 0xff, 0xff, 0xfe, 0xff, 0xff, 0xf9, 0x0,
    0xe, 0xff, 0xff, 0xf0, 0x8, 0xff, 0xff, 0xff,
    0xff, 0xff, 0x40, 0x0, 0xff, 0xff, 0xff, 0x10,
    0x9, 0xff, 0xff, 0xff, 0xff, 0xe0, 0x0, 0xe,
    0xff, 0xff, 0xfb, 0x20, 0x2d, 0xff, 0xff, 0xff,
    0xf6, 0x0, 0x0, 0xaf, 0xff, 0xff, 0xff, 0xff,
    0xff, 0xff, 0xff, 0xfe, 0x0, 0x0, 0x3, 0xff,
    0xff, 0xff, 0xff, 0xff, 0xff, 0xff, 0xff, 0xf8,
    0x0, 0x0, 0x6, 0xff, 0xff, 0xff, 0xff, 0xff,
    0xff, 0xff, 0xff, 0xf5, 0x0, 0x0, 0x5, 0xef,
    0xff, 0xff, 0xff, 0xff, 0xcf, 0xff, 0xff, 0xf3,
    0x0, 0x0, 0x0, 0x6b, 0xdf, 0xfe, 0xc8, 0x30,
    0x4f, 0xff, 0xff, 0xe1,

    0xef, 0xff, 0xfd, 0xdf, 0xff, 0xfc, 0xcf, 0xff,
    0xfb, 0xcf, 0xff, 0xfa, 0xbf, 0xff, 0xf9, 0xaf,
    0xff, 0xf8, 0x9f, 0xff, 0xf7, 0x8f, 0xff, 0xf6,
    0x7f, 0xff, 0xf6, 0x6f, 0xff, 0xf5, 0x39, 0x99,
    0x92,

    0x0, 0x1, 0x99, 0x99, 0x95, 0x0, 0x8, 0xff,
    0xff, 0xf5, 0x0, 0x1f, 0xff, 0xff, 0xf0, 0x0,
    0x7f, 0xff, 0xff, 0x90, 0x0, 0xef, 0xff, 0xff,
    0x40, 0x3, 0xff, 0xff, 0xff, 0x0, 0x8, 0xff,
    0xff, 0xfb, 0x0, 0xd, 0xff, 0xff, 0xf7, 0x0,
    0x1f, 0xff, 0xff, 0xf3, 0x0, 0x4f, 0xff, 0xff,
    0xf0, 0x0, 0x7f, 0xff, 0xff, 0xe0, 0x0, 0xaf,
    0xff, 0xff, 0xb0, 0x0, 0xcf, 0xff, 0xff, 0x90,
    0x0, 0xef, 0xff, 0xff, 0x80, 0x0, 0xef, 0xff,
    0xff, 0x70, 0x0, 0xff, 0xff, 0xff, 0x60, 0x0,
    0xff, 0xff, 0xff, 0x60, 0x0, 0xff, 0xff, 0xff,
    0x70, 0x0, 0xdf, 0xff, 0xff, 0x80, 0x0, 0xbf,
    0xff, 0xff, 0xa0, 0x0, 0x9f, 0xff, 0xff, 0xd0,
    0x0, 0x6f, 0xff, 0xff, 0xf0, 0x0, 0x2f, 0xff,
    0xff, 0xf4, 0x0, 0xd, 0xff, 0xff, 0xf8, 0x0,
    0x7, 0xff, 0xff, 0xfc, 0x0, 0x2, 0xff, 0xff,
    0xff, 0x20, 0x0, 0xcf, 0xff, 0xff, 0x70, 0x0,
    0x4f, 0xff, 0xff, 0xd0, 0x0, 0xc, 0xff, 0xff,
    0xf3, 0x0, 0x3, 0xff, 0xff, 0xf9,

    0x29, 0x99, 0x99, 0x40, 0x0, 0x0, 0xef, 0xff,
    0xfe, 0x0, 0x0, 0x9, 0xff, 0xff, 0xf7, 0x0,
    0x0, 0x3f, 0xff, 0xff, 0xe0, 0x0, 0x0, 0xdf,
    0xff, 0xff, 0x40, 0x0, 0x9, 0xff, 0xff, 0xfa,
    0x0, 0x0, 0x5f, 0xff, 0xff, 0xe0, 0x0, 0x1,
    0xff, 0xff, 0xff, 0x30, 0x0, 0xd, 0xff, 0xff,
    0xf7, 0x0, 0x0, 0xaf, 0xff, 0xff, 0xb0, 0x0,
    0x8, 0xff, 0xff, 0xfe, 0x0, 0x0, 0x5f, 0xff,
    0xff, 0xf0, 0x0, 0x3, 0xff, 0xff, 0xff, 0x20,
    0x0, 0x2f, 0xff, 0xff, 0xf4, 0x0, 0x1, 0xff,
    0xff, 0xff, 0x50, 0x0, 0xf, 0xff, 0xff, 0xf6,
    0x0, 0x0, 0xff, 0xff, 0xff, 0x60, 0x0, 0x1f,
    0xff, 0xff, 0xf5, 0x0, 0x2, 0xff, 0xff, 0xff,
    0x40, 0x0, 0x4f, 0xff, 0xff, 0xf2, 0x0, 0x6,
    0xff, 0xff, 0xff, 0x0, 0x0, 0xaf, 0xff, 0xff,
    0xc0, 0x0, 0xd, 0xff, 0xff, 0xf8, 0x0, 0x1,
    0xff, 0xff, 0xff, 0x30, 0x0, 0x6f, 0xff, 0xff,
    0xe0, 0x0, 0xb, 0xff, 0xff, 0xf8, 0x0, 0x1,
    0xff, 0xff, 0xff, 0x20, 0x0, 0x6f, 0xff, 0xff,
    0xa0, 0x0, 0xc, 0xff, 0xff, 0xf2, 0x0, 0x2,
    0xff, 0xff, 0xfa, 0x0, 0x0,

    0x0, 0x0, 0xf, 0xff, 0x70, 0x0, 0x0, 0x0,
    0x0, 0xf, 0xff, 0x60, 0x1, 0x0, 0x7, 0xd3,
    0xd, 0xff, 0x50, 0x9e, 0x0, 0x1f, 0xff, 0x7c,
    0xff, 0x6d, 0xff, 0x70, 0x9f, 0xff, 0xff, 0xff,
    0xff, 0xff, 0xf1, 0x29, 0xff, 0xff, 0xff, 0xff,
    0xfc, 0x50, 0x0, 0x1b, 0xff, 0xff, 0xff, 0x50,
    0x0, 0x4, 0xbf, 0xff, 0xff, 0xff, 0xe7, 0x0,
    0x9f, 0xff, 0xff, 0xff, 0xff, 0xff, 0xe1, 0x3f,
    0xff, 0xcd, 0xff, 0xaf, 0xff, 0xa0, 0xa, 0xf8,
    0xd, 0xff, 0x43, 0xdf, 0x20, 0x1, 0x30, 0xe,
    0xff, 0x60, 0x4, 0x0, 0x0, 0x0, 0xf, 0xff,
    0x70, 0x0, 0x0, 0x0, 0x0, 0x5, 0x55, 0x20,
    0x0, 0x0,

    0x0, 0x0, 0x0, 0x7f, 0xff, 0xfa, 0x0, 0x0,
    0x0, 0x0, 0x0, 0x0, 0x7f, 0xff, 0xfa, 0x0,
    0x0, 0x0, 0x0, 0x0, 0x0, 0x7f, 0xff, 0xfa,
    0x0, 0x0, 0x0, 0x0, 0x0, 0x0, 0x7f, 0xff,
    0xfa, 0x0, 0x0, 0x0, 0x0, 0x0, 0x0, 0x7f,
    0xff, 0xfa, 0x0, 0x0, 0x0, 0x0, 0x0, 0x0,
    0x7f, 0xff, 0xfa, 0x0, 0x0, 0x0, 0x4e, 0xee,
    0xee, 0xff, 0xff, 0xff, 0xee, 0xee, 0xe7, 0x5f,
    0xff, 0xff, 0xff, 0xff, 0xff, 0xff, 0xff, 0xf8,
    0x5f, 0xff, 0xff, 0xff, 0xff, 0xff, 0xff, 0xff,
    0xf8, 0x5f, 0xff, 0xff, 0xff, 0xff, 0xff, 0xff,
    0xff, 0xf8, 0x5f, 0xff, 0xff, 0xff, 0xff, 0xff,
    0xff, 0xff, 0xf8, 0x0, 0x0, 0x0, 0x7f, 0xff,
    0xfa, 0x0, 0x0, 0x0, 0x0, 0x0, 0x0, 0x7f,
    0xff, 0xfa, 0x0, 0x0, 0x0, 0x0, 0x0, 0x0,
    0x7f, 0xff, 0xfa, 0x0, 0x0, 0x0, 0x0, 0x0,
    0x0, 0x7f, 0xff, 0xfa, 0x0, 0x0, 0x0, 0x0,
    0x0, 0x0, 0x7f, 0xff, 0xfa, 0x0, 0x0, 0x0,
    0x0, 0x0, 0x0, 0x7f, 0xff, 0xfa, 0x0, 0x0,
    0x0, 0x0, 0x0, 0x0, 0x12, 0x22, 0x21, 0x0,
    0x0, 0x0,

    0x0, 0x89, 0x99, 0x99, 0x0, 0xf, 0xff, 0xff,
    0xb0, 0x2, 0xff, 0xff, 0xf6, 0x0, 0x4f, 0xff,
    0xff, 0x10, 0x6, 0xff, 0xff, 0xc0, 0x0, 0x8f,
    0xff, 0xf7, 0x0, 0xa, 0xff, 0xff, 0x30, 0x0,
    0xcf, 0xff, 0xe0, 0x0, 0xe, 0xff, 0xf9, 0x0,
    0x0, 0xff, 0xff, 0x40, 0x0, 0x2f, 0xff, 0xf0,
    0x0, 0x0,

    0xac, 0xcc, 0xcc, 0xcc, 0xcc, 0xc0, 0xdf, 0xff,
    0xff, 0xff, 0xff, 0xf0, 0xdf, 0xff, 0xff, 0xff,
    0xff, 0xf0, 0xdf, 0xff, 0xff, 0xff, 0xff, 0xf0,
    0xdf, 0xff, 0xff, 0xff, 0xff, 0xf0,

    0x0, 0x15, 0x51, 0x0, 0x4, 0xff, 0xfe, 0x40,
    0xe, 0xff, 0xff, 0xe0, 0x3f, 0xff, 0xff, 0xf2,
    0x1f, 0xff, 0xff, 0xf0, 0xb, 0xff, 0xff, 0xa0,
    0x1, 0x9e, 0xe9, 0x0,

    0x0, 0x0, 0x0, 0x3, 0x88, 0x88, 0x70, 0x0,
    0x0, 0x0, 0x9f, 0xff, 0xfb, 0x0, 0x0, 0x0,
    0xd, 0xff, 0xff, 0x70, 0x0, 0x0, 0x1, 0xff,
    0xff, 0xf3, 0x0, 0x0, 0x0, 0x5f, 0xff, 0xfe,
    0x0, 0x0, 0x0, 0xa, 0xff, 0xff, 0xa0, 0x0,
    0x0, 0x0, 0xef, 0xff, 0xf6, 0x0, 0x0, 0x0,
    0x2f, 0xff, 0xff, 0x20, 0x0, 0x0, 0x6, 0xff,
    0xff, 0xe0, 0x0, 0x0, 0x0, 0xaf, 0xff, 0xfa,
    0x0, 0x0, 0x0, 0xe, 0xff, 0xff, 0x50, 0x0,
    0x0, 0x3, 0xff, 0xff, 0xf1, 0x0, 0x0, 0x0,
    0x7f, 0xff, 0xfd, 0x0, 0x0, 0x0, 0xb, 0xff,
    0xff, 0x90, 0x0, 0x0, 0x0, 0xff, 0xff, 0xf5,
    0x0, 0x0, 0x0, 0x4f, 0xff, 0xff, 0x10, 0x0,
    0x0, 0x8, 0xff, 0xff, 0xc0, 0x0, 0x0, 0x0,
    0xcf, 0xff, 0xf8, 0x0, 0x0, 0x0, 0x1f, 0xff,
    0xff, 0x40, 0x0, 0x0, 0x5, 0xff, 0xff, 0xf0,
    0x0, 0x0, 0x0, 0x9f, 0xff, 0xfb, 0x0, 0x0,
    0x0, 0xd, 0xff, 0xff, 0x70, 0x0, 0x0, 0x1,
    0xff, 0xff, 0xf3, 0x0, 0x0, 0x0, 0x5f, 0xff,
    0xfe, 0x0, 0x0, 0x0, 0xa, 0xff, 0xff, 0xa0,
    0x0, 0x0, 0x0, 0xef, 0xff, 0xf6, 0x0, 0x0,
    0x0, 0x2f, 0xff, 0xff, 0x20, 0x0, 0x0, 0x6,
    0xff, 0xff, 0xe0, 0x0, 0x0, 0x0, 0xaf, 0xff,
    0xfa, 0x0, 0x0, 0x0, 0x0,

    0x0, 0x0, 0x0, 0x5a, 0xdf, 0xfe, 0xc9, 0x30,
    0x0, 0x0, 0x0, 0x0, 0x4, 0xef, 0xff, 0xff,
    0xff, 0xff, 0xc2, 0x0, 0x0, 0x0, 0x7, 0xff,
    0xff, 0xff, 0xff, 0xff, 0xff, 0xf4, 0x0, 0x0,
    0x6, 0xff, 0xff, 0xff, 0xff, 0xff, 0xff, 0xff,
    0xf3, 0x0, 0x2, 0xff, 0xff, 0xff, 0xff, 0xff,
    0xff, 0xff, 0xff, 0xd0, 0x0, 0xaf, 0xff, 0xff,
    0xfd, 0x53, 0x7f, 0xff, 0xff, 0xff, 0x60, 0x1f,
    0xff, 0xff, 0xfe, 0x10, 0x1, 0xff, 0xff, 0xff,
    0xfc, 0x5, 0xff, 0xff, 0xff, 0x60, 0x0, 0x9f,
    0xff, 0xff, 0xff, 0xf1, 0x9f, 0xff, 0xff, 0xf1,
    0x0, 0x1f, 0xfb, 0xff, 0xff, 0xff, 0x5b, 0xff,
    0xff, 0xfd, 0x0, 0x9, 0xfd, 0x2f, 0xff, 0xff,
    0xf7, 0xdf, 0xff, 0xff, 0xb0, 0x2, 0xff, 0x50,
    0xff, 0xff, 0xff, 0x9e, 0xff, 0xff, 0xfa, 0x0,
    0x9f, 0xd0, 0xf, 0xff, 0xff, 0xfa, 0xef, 0xff,
    0xff, 0xa0, 0x2f, 0xf5, 0x0, 0xef, 0xff, 0xff,
    0xad, 0xff, 0xff, 0xfb, 0xa, 0xfc, 0x0, 0xf,
    0xff, 0xff, 0xf9, 0xbf, 0xff, 0xff, 0xc2, 0xff,
    0x40, 0x1, 0xff, 0xff, 0xff, 0x79, 0xff, 0xff,
    0xff, 0xaf, 0xc0, 0x0, 0x4f, 0xff, 0xff, 0xf5,
    0x5f, 0xff, 0xff, 0xff, 0xf3, 0x0, 0x9, 0xff,
    0xff, 0xff, 0x11, 0xff, 0xff, 0xff, 0xfb, 0x0,
    0x3, 0xff, 0xff, 0xff, 0xc0, 0xa, 0xff, 0xff,
    0xff, 0xd5, 0x36, 0xef, 0xff, 0xff, 0xf6, 0x0,
    0x2f, 0xff, 0xff, 0xff, 0xff, 0xff, 0xff, 0xff,
    0xfd, 0x0, 0x0, 0x6f, 0xff, 0xff, 0xff, 0xff,
    0xff, 0xff, 0xff, 0x30, 0x0, 0x0, 0x8f, 0xff,
    0xff, 0xff, 0xff, 0xff, 0xff, 0x40, 0x0, 0x0,
    0x0, 0x5e, 0xff, 0xff, 0xff, 0xff, 0xfc, 0x20,
    0x0, 0x0, 0x0, 0x0, 0x5, 0xad, 0xff, 0xfd,
    0x94, 0x0, 0x0, 0x0,

    0x0, 0x0, 0x3d, 0xff, 0xff, 0xff, 0x0, 0x8,
    0xff, 0xff, 0xff, 0xff, 0x2, 0xdf, 0xff, 0xff,
    0xff, 0xff, 0x5f, 0xff, 0xff, 0xff, 0xff, 0xff,
    0x9f, 0xff, 0xff, 0xff, 0xff, 0xff, 0x9f, 0xff,
    0xfd, 0xff, 0xff, 0xff, 0x9f, 0xfe, 0x45, 0xff,
    0xff, 0xff, 0x9f, 0xb1, 0x5, 0xff, 0xff, 0xff,
    0x86, 0x0, 0x5, 0xff, 0xff, 0xff, 0x0, 0x0,
    0x5, 0xff, 0xff, 0xff, 0x0, 0x0, 0x5, 0xff,
    0xff, 0xff, 0x0, 0x0, 0x5, 0xff, 0xff, 0xff,
    0x0, 0x0, 0x5, 0xff, 0xff, 0xff, 0x0, 0x0,
    0x5, 0xff, 0xff, 0xff, 0x0, 0x0, 0x5, 0xff,
    0xff, 0xff, 0x0, 0x0, 0x5, 0xff, 0xff, 0xff,
    0x0, 0x0, 0x5, 0xff, 0xff, 0xff, 0x0, 0x0,
    0x5, 0xff, 0xff, 0xff, 0x0, 0x0, 0x5, 0xff,
    0xff, 0xff, 0x0, 0x0, 0x5, 0xff, 0xff, 0xff,
    0x0, 0x0, 0x5, 0xff, 0xff, 0xff, 0x0, 0x0,
    0x5, 0xff, 0xff, 0xff, 0x0, 0x0, 0x5, 0xff,
    0xff, 0xff, 0x0, 0x0, 0x5, 0xff, 0xff, 0xff,

    0x0, 0x0, 0x16, 0xbd, 0xff, 0xdc, 0x83, 0x0,
    0x0, 0x0, 0x0, 0x7f, 0xff, 0xff, 0xff, 0xff,
    0xfb, 0x20, 0x0, 0x0, 0xbf, 0xff, 0xff, 0xff,
    0xff, 0xff, 0xff, 0x30, 0x0, 0x9f, 0xff, 0xff,
    0xff, 0xff, 0xff, 0xff, 0xfe, 0x10, 0x3f, 0xff,
    0xff, 0xff, 0xff, 0xff, 0xff, 0xff, 0xf9, 0x8,
    0xff, 0xff, 0xff, 0x60, 0x5, 0xef, 0xff, 0xff,
    0xe0, 0xcf, 0xff, 0xff, 0x70, 0x0, 0x5, 0xff,
    0xff, 0xff, 0x1e, 0xff, 0xff, 0xf2, 0x0, 0x0,
    0x1f, 0xff, 0xff, 0xf2, 0x0, 0x0, 0x0, 0x0,
    0x0, 0x1, 0xff, 0xff, 0xff, 0x0, 0x0, 0x0,
    0x0, 0x0, 0x0, 0x7f, 0xff, 0xff, 0xc0, 0x0,
    0x0, 0x0, 0x0, 0x0, 0x3f, 0xff, 0xff, 0xf5,
    0x0, 0x0, 0x0, 0x0, 0x0, 0x3e, 0xff, 0xff,
    0xfc, 0x0, 0x0, 0x0, 0x0, 0x0, 0x4f, 0xff,
    0xff, 0xfe, 0x10, 0x0, 0x0, 0x0, 0x0, 0x7f,
    0xff, 0xff, 0xff, 0x30, 0x0, 0x0, 0x0, 0x0,
    0x9f, 0xff, 0xff, 0xff, 0x40, 0x0, 0x0, 0x0,
    0x1, 0xcf, 0xff, 0xff, 0xfe, 0x30, 0x0, 0x0,
    0x0, 0x2, 0xdf, 0xff, 0xff, 0xfd, 0x20, 0x0,
    0x0, 0x0, 0x4, 0xff, 0xff, 0xff, 0xfc, 0x10,
    0x0, 0x0, 0x0, 0x6, 0xff, 0xff, 0xff, 0xfc,
    0x33, 0x33, 0x33, 0x33, 0x16, 0xff, 0xff, 0xff,
    0xff, 0xff, 0xff, 0xff, 0xff, 0xf6, 0x7f, 0xff,
    0xff, 0xff, 0xff, 0xff, 0xff, 0xff, 0xff, 0x67,
    0xff, 0xff, 0xff, 0xff, 0xff, 0xff, 0xff, 0xff,
    0xf6, 0x7f, 0xff, 0xff, 0xff, 0xff, 0xff, 0xff,
    0xff, 0xff, 0x67, 0xff, 0xff, 0xff, 0xff, 0xff,
    0xff, 0xff, 0xff, 0xf6,

    0x0, 0x0, 0x3, 0x8c, 0xef, 0xed, 0xa5, 0x0,
    0x0, 0x0, 0x0, 0x2, 0xcf, 0xff, 0xff, 0xff,
    0xff, 0xe6, 0x0, 0x0, 0x0, 0x4f, 0xff, 0xff,
    0xff, 0xff, 0xff, 0xff, 0x90, 0x0, 0x3, 0xff,
    0xff, 0xff, 0xff, 0xff, 0xff, 0xff, 0xf7, 0x0,
    0xc, 0xff, 0xff, 0xff, 0xff, 0xff, 0xff, 0xff,
    0xff, 0x0, 0x2f, 0xff, 0xff, 0xfb, 0x20, 0x19,
    0xff, 0xff, 0xff, 0x50, 0x5f, 0xff, 0xff, 0xe0,
    0x0, 0x0, 0xcf, 0xff, 0xff, 0x70, 0x15, 0x55,
    0x55, 0x30, 0x0, 0x0, 0xbf, 0xff, 0xff, 0x60,
    0x0, 0x0, 0x0, 0x0, 0x0, 0x3, 0xff, 0xff,
    0xff, 0x20, 0x0, 0x0, 0x0, 0x17, 0x77, 0xaf,
    0xff, 0xff, 0xf8, 0x0, 0x0, 0x0, 0x0, 0x3f,
    0xff, 0xff, 0xff, 0xfe, 0x60, 0x0, 0x0, 0x0,
    0x0, 0x3f, 0xff, 0xff, 0xfe, 0x81, 0x0, 0x0,
    0x0, 0x0, 0x0, 0x3f, 0xff, 0xff, 0xff, 0xff,
    0x91, 0x0, 0x0, 0x0, 0x0, 0x3f, 0xff, 0xff,
    0xff, 0xff, 0xfe, 0x10, 0x0, 0x0, 0x0, 0x0,
    0x0, 0x3a, 0xff, 0xff, 0xff, 0xb0, 0x0, 0x0,
    0x0, 0x0, 0x0, 0x0, 0xaf, 0xff, 0xff, 0xf1,
    0x67, 0x77, 0x77, 0x40, 0x0, 0x0, 0x6f, 0xff,
    0xff, 0xf4, 0xbf, 0xff, 0xff, 0xd0, 0x0, 0x0,
    0xbf, 0xff, 0xff, 0xf4, 0x8f, 0xff, 0xff, 0xfc,
    0x53, 0x4a, 0xff, 0xff, 0xff, 0xf1, 0x2f, 0xff,
    0xff, 0xff, 0xff, 0xff, 0xff, 0xff, 0xff, 0xb0,
    0x7, 0xff, 0xff, 0xff, 0xff, 0xff, 0xff, 0xff,
    0xff, 0x20, 0x0, 0x8f, 0xff, 0xff, 0xff, 0xff,
    0xff, 0xff, 0xe3, 0x0, 0x0, 0x4, 0xdf, 0xff,
    0xff, 0xff, 0xff, 0xfa, 0x10, 0x0, 0x0, 0x0,
    0x4, 0x9c, 0xef, 0xed, 0xb7, 0x20, 0x0, 0x0,

    0x0, 0x0, 0x0, 0x0, 0xa, 0xff, 0xff, 0xff,
    0xfb, 0x0, 0x0, 0x0, 0x0, 0x0, 0x4, 0xff,
    0xff, 0xff, 0xff, 0xb0, 0x0, 0x0, 0x0, 0x0,
    0x0, 0xdf, 0xff, 0xff, 0xff, 0xfb, 0x0, 0x0,
    0x0, 0x0, 0x0, 0x8f, 0xff, 0xff, 0xff, 0xff,
    0xb0, 0x0, 0x0, 0x0, 0x0, 0x2f, 0xff, 0xff,
    0xff, 0xff, 0xfb, 0x0, 0x0, 0x0, 0x0, 0xb,
    0xff, 0xff, 0xff, 0xff, 0xff, 0xb0, 0x0, 0x0,
    0x0, 0x6, 0xff, 0xff, 0xfe, 0xff, 0xff, 0xfb,
    0x0, 0x0, 0x0, 0x1, 0xef, 0xff, 0xff, 0x5f,
    0xff, 0xff, 0xb0, 0x0, 0x0, 0x0, 0xaf, 0xff,
    0xff, 0x73, 0xff, 0xff, 0xfb, 0x0, 0x0, 0x0,
    0x4f, 0xff, 0xff, 0xd0, 0x3f, 0xff, 0xff, 0xb0,
    0x0, 0x0, 0xd, 0xff, 0xff, 0xf4, 0x3, 0xff,
    0xff, 0xfb, 0x0, 0x0, 0x8, 0xff, 0xff, 0xfa,
    0x0, 0x3f, 0xff, 0xff, 0xb0, 0x0, 0x2, 0xff,
    0xff, 0xff, 0x10, 0x3, 0xff, 0xff, 0xfb, 0x0,
    0x0, 0xbf, 0xff, 0xff, 0x70, 0x0, 0x3f, 0xff,
    0xff, 0xb0, 0x0, 0x6f, 0xff, 0xff, 0xd0, 0x0,
    0x3, 0xff, 0xff, 0xfb, 0x0, 0xb, 0xff, 0xff,
    0xff, 0xff, 0xff, 0xff, 0xff, 0xff, 0xff, 0xf6,
    0xbf, 0xff, 0xff, 0xff, 0xff, 0xff, 0xff, 0xff,
    0xff, 0xff, 0x6b, 0xff, 0xff, 0xff, 0xff, 0xff,
    0xff, 0xff, 0xff, 0xff, 0xf6, 0xbf, 0xff, 0xff,
    0xff, 0xff, 0xff, 0xff, 0xff, 0xff, 0xff, 0x6b,
    0xff, 0xff, 0xff, 0xff, 0xff, 0xff, 0xff, 0xff,
    0xff, 0xf6, 0x0, 0x0, 0x0, 0x0, 0x0, 0x6,
    0xff, 0xff, 0xfb, 0x0, 0x0, 0x0, 0x0, 0x0,
    0x0, 0x0, 0x6f, 0xff, 0xff, 0xb0, 0x0, 0x0,
    0x0, 0x0, 0x0, 0x0, 0x6, 0xff, 0xff, 0xfb,
    0x0, 0x0, 0x0, 0x0, 0x0, 0x0, 0x0, 0x6f,
    0xff, 0xff, 0xb0, 0x0,

    0x8, 0xff, 0xff, 0xff, 0xff, 0xff, 0xff, 0xff,
    0xf2, 0x0, 0x9f, 0xff, 0xff, 0xff, 0xff, 0xff,
    0xff, 0xff, 0x20, 0xa, 0xff, 0xff, 0xff, 0xff,
    0xff, 0xff, 0xff, 0xf2, 0x0, 0xbf, 0xff, 0xff,
    0xff, 0xff, 0xff, 0xff, 0xff, 0x20, 0xd, 0xff,
    0xff, 0xff, 0xff, 0xff, 0xff, 0xff, 0xf2, 0x0,
    0xef, 0xff, 0xfb, 0x22, 0x22, 0x22, 0x22, 0x22,
    0x0, 0xf, 0xff, 0xff, 0x90, 0x0, 0x0, 0x0,
    0x0, 0x0, 0x0, 0xff, 0xff, 0xf7, 0x0, 0x0,
    0x0, 0x0, 0x0, 0x0, 0x1f, 0xff, 0xff, 0x60,
    0x5b, 0xef, 0xda, 0x40, 0x0, 0x2, 0xff, 0xff,
    0xf5, 0xcf, 0xff, 0xff, 0xff, 0xa0, 0x0, 0x3f,
    0xff, 0xff, 0xdf, 0xff, 0xff, 0xff, 0xff, 0xc0,
    0x4, 0xff, 0xff, 0xff, 0xff, 0xff, 0xff, 0xff,
    0xff, 0x80, 0x5f, 0xff, 0xff, 0xfd, 0x87, 0xbf,
    0xff, 0xff, 0xfe, 0x1, 0x58, 0xbe, 0xfb, 0x0,
    0x0, 0x5f, 0xff, 0xff, 0xf5, 0x0, 0x0, 0x1,
    0x0, 0x0, 0x0, 0xcf, 0xff, 0xff, 0x70, 0x0,
    0x0, 0x0, 0x0, 0x0, 0x8, 0xff, 0xff, 0xf9,
    0x77, 0x77, 0x77, 0x10, 0x0, 0x0, 0x9f, 0xff,
    0xff, 0x8e, 0xff, 0xff, 0xf6, 0x0, 0x0, 0xe,
    0xff, 0xff, 0xf6, 0xaf, 0xff, 0xff, 0xf5, 0x0,
    0x1b, 0xff, 0xff, 0xff, 0x14, 0xff, 0xff, 0xff,
    0xff, 0xef, 0xff, 0xff, 0xff, 0xa0, 0xa, 0xff,
    0xff, 0xff, 0xff, 0xff, 0xff, 0xff, 0xe1, 0x0,
    0xb, 0xff, 0xff, 0xff, 0xff, 0xff, 0xff, 0xe3,
    0x0, 0x0, 0x7, 0xff, 0xff, 0xff, 0xff, 0xff,
    0xb1, 0x0, 0x0, 0x0, 0x1, 0x6a, 0xde, 0xfe,
    0xc9, 0x30, 0x0, 0x0,

    0x0, 0x0, 0x0, 0x4a, 0xdf, 0xfd, 0xc7, 0x10,
    0x0, 0x0, 0x0, 0x0, 0x3d, 0xff, 0xff, 0xff,
    0xff, 0xf8, 0x0, 0x0, 0x0, 0x5, 0xff, 0xff,
    0xff, 0xff, 0xff, 0xff, 0xc0, 0x0, 0x0, 0x4f,
    0xff, 0xff, 0xff, 0xff, 0xff, 0xff, 0xfb, 0x0,
    0x0, 0xef, 0xff, 0xff, 0xff, 0xff, 0xff, 0xff,
    0xff, 0x50, 0x8, 0xff, 0xff, 0xff, 0xe9, 0x8b,
    0xff, 0xff, 0xff, 0xd0, 0xe, 0xff, 0xff, 0xfc,
    0x0, 0x0, 0x5f, 0xff, 0xff, 0xf1, 0x4f, 0xff,
    0xff, 0xf2, 0x0, 0x0, 0x2, 0x22, 0x22, 0x20,
    0x8f, 0xff, 0xff, 0xc0, 0x5, 0xbe, 0xfd, 0xb4,
    0x0, 0x0, 0xbf, 0xff, 0xff, 0x82, 0xcf, 0xff,
    0xff, 0xff, 0xb1, 0x0, 0xdf, 0xff, 0xff, 0x7d,
    0xff, 0xff, 0xff, 0xff, 0xfc, 0x0, 0xef, 0xff,
    0xff, 0xef, 0xff, 0xff, 0xff, 0xff, 0xff, 0x70,
    0xef, 0xff, 0xff, 0xff, 0xd7, 0x6b, 0xff, 0xff,
    0xff, 0xe0, 0xdf, 0xff, 0xff, 0xfb, 0x0, 0x0,
    0x7f, 0xff, 0xff, 0xf4, 0xcf, 0xff, 0xff, 0xf2,
    0x0, 0x0, 0xd, 0xff, 0xff, 0xf6, 0xaf, 0xff,
    0xff, 0xf0, 0x0, 0x0, 0xa, 0xff, 0xff, 0xf7,
    0x6f, 0xff, 0xff, 0xf0, 0x0, 0x0, 0xc, 0xff,
    0xff, 0xf6, 0x2f, 0xff, 0xff, 0xf6, 0x0, 0x0,
    0x2f, 0xff, 0xff, 0xf4, 0xb, 0xff, 0xff, 0xff,
    0x50, 0x3, 0xdf, 0xff, 0xff, 0xf0, 0x4, 0xff,
    0xff, 0xff, 0xff, 0xef, 0xff, 0xff, 0xff, 0x90,
    0x0, 0x8f, 0xff, 0xff, 0xff, 0xff, 0xff, 0xff,
    0xfd, 0x0, 0x0, 0xa, 0xff, 0xff, 0xff, 0xff,
    0xff, 0xff, 0xe2, 0x0, 0x0, 0x0, 0x6e, 0xff,
    0xff, 0xff, 0xff, 0xfa, 0x10, 0x0, 0x0, 0x0,
    0x0, 0x6a, 0xdf, 0xfe, 0xc8, 0x20, 0x0, 0x0,

    0x2f, 0xff, 0xff, 0xff, 0xff, 0xff, 0xff, 0xff,
    0xff, 0x22, 0xff, 0xff, 0xff, 0xff, 0xff, 0xff,
    0xff, 0xff, 0xf2, 0x2f, 0xff, 0xff, 0xff, 0xff,
    0xff, 0xff, 0xff, 0xff, 0x22, 0xff, 0xff, 0xff,
    0xff, 0xff, 0xff, 0xff, 0xff, 0xf2, 0x2f, 0xff,
    0xff, 0xff, 0xff, 0xff, 0xff, 0xff, 0xff, 0x20,
    0x33, 0x33, 0x33, 0x33, 0x33, 0xaf, 0xff, 0xff,
    0xe0, 0x0, 0x0, 0x0, 0x0, 0x0, 0x1f, 0xff,
    0xff, 0xf7, 0x0, 0x0, 0x0, 0x0, 0x0, 0x8,
    0xff, 0xff, 0xff, 0x10, 0x0, 0x0, 0x0, 0x0,
    0x1, 0xff, 0xff, 0xff, 0x80, 0x0, 0x0, 0x0,
    0x0, 0x0, 0x7f, 0xff, 0xff, 0xf1, 0x0, 0x0,
    0x0, 0x0, 0x0, 0xe, 0xff, 0xff, 0xf8, 0x0,
    0x0, 0x0, 0x0, 0x0, 0x7, 0xff, 0xff, 0xff,
    0x10, 0x0, 0x0, 0x0, 0x0, 0x0, 0xef, 0xff,
    0xff, 0x90, 0x0, 0x0, 0x0, 0x0, 0x0, 0x6f,
    0xff, 0xff, 0xf1, 0x0, 0x0, 0x0, 0x0, 0x0,
    0xe, 0xff, 0xff, 0xf9, 0x0, 0x0, 0x0, 0x0,
    0x0, 0x6, 0xff, 0xff, 0xff, 0x20, 0x0, 0x0,
    0x0, 0x0, 0x0, 0xdf, 0xff, 0xff, 0x90, 0x0,
    0x0, 0x0, 0x0, 0x0, 0x6f, 0xff, 0xff, 0xf2,
    0x0, 0x0, 0x0, 0x0, 0x0, 0xd, 0xff, 0xff,
    0xfa, 0x0, 0x0, 0x0, 0x0, 0x0, 0x5, 0xff,
    0xff, 0xff, 0x20, 0x0, 0x0, 0x0, 0x0, 0x0,
    0xdf, 0xff, 0xff, 0xa0, 0x0, 0x0, 0x0, 0x0,
    0x0, 0x5f, 0xff, 0xff, 0xf3, 0x0, 0x0, 0x0,
    0x0, 0x0, 0xc, 0xff, 0xff, 0xfb, 0x0, 0x0,
    0x0, 0x0, 0x0, 0x4, 0xff, 0xff, 0xff, 0x30,
    0x0, 0x0, 0x0, 0x0,

    0x0, 0x0, 0x3, 0x8c, 0xef, 0xfd, 0xb7, 0x20,
    0x0, 0x0, 0x0, 0x3, 0xcf, 0xff, 0xff, 0xff,
    0xff, 0xf9, 0x10, 0x0, 0x0, 0x5f, 0xff, 0xff,
    0xff, 0xff, 0xff, 0xff, 0xd2, 0x0, 0x3, 0xff,
    0xff, 0xff, 0xff, 0xff, 0xff, 0xff, 0xfd, 0x0,
    0xb, 0xff, 0xff, 0xff, 0xeb, 0xbf, 0xff, 0xff,
    0xff, 0x60, 0xf, 0xff, 0xff, 0xfc, 0x0, 0x2,
    0xef, 0xff, 0xff, 0xb0, 0xf, 0xff, 0xff, 0xf3,
    0x0, 0x0, 0x8f, 0xff, 0xff, 0xc0, 0xe, 0xff,
    0xff, 0xf3, 0x0, 0x0, 0x7f, 0xff, 0xff, 0x90,
    0x8, 0xff, 0xff, 0xfa, 0x0, 0x1, 0xdf, 0xff,
    0xff, 0x40, 0x0, 0xdf, 0xff, 0xff, 0xc8, 0x8e,
    0xff, 0xff, 0xf9, 0x0, 0x0, 0x1b, 0xff, 0xff,
    0xff, 0xff, 0xff, 0xff, 0x80, 0x0, 0x0, 0x0,
    0x4d, 0xff, 0xff, 0xff, 0xff, 0xb2, 0x0, 0x0,
    0x0, 0x2b, 0xff, 0xff, 0xff, 0xff, 0xff, 0xff,
    0x80, 0x0, 0x4, 0xff, 0xff, 0xff, 0xff, 0xff,
    0xff, 0xff, 0xfd, 0x10, 0x1e, 0xff, 0xff, 0xfd,
    0x40, 0x17, 0xff, 0xff, 0xff, 0xb0, 0x8f, 0xff,
    0xff, 0xf2, 0x0, 0x0, 0x6f, 0xff, 0xff, 0xf3,
    0xcf, 0xff, 0xff, 0xd0, 0x0, 0x0, 0x2f, 0xff,
    0xff, 0xf8, 0xef, 0xff, 0xff, 0xe0, 0x0, 0x0,
    0x3f, 0xff, 0xff, 0xf9, 0xcf, 0xff, 0xff, 0xf7,
    0x0, 0x0, 0xbf, 0xff, 0xff, 0xf7, 0x6f, 0xff,
    0xff, 0xff, 0xb7, 0x8d, 0xff, 0xff, 0xff, 0xf2,
    0xc, 0xff, 0xff, 0xff, 0xff, 0xff, 0xff, 0xff,
    0xff, 0x80, 0x0, 0xbf, 0xff, 0xff, 0xff, 0xff,
    0xff, 0xff, 0xf8, 0x0, 0x0, 0x6, 0xef, 0xff,
    0xff, 0xff, 0xff, 0xfc, 0x40, 0x0, 0x0, 0x0,
    0x5, 0x9c, 0xef, 0xfd, 0xc8, 0x30, 0x0, 0x0,

    0x0, 0x0, 0x5, 0xad, 0xff, 0xec, 0x83, 0x0,
    0x0, 0x0, 0x0, 0x4, 0xef, 0xff, 0xff, 0xff,
    0xff, 0xb2, 0x0, 0x0, 0x0, 0x7f, 0xff, 0xff,
    0xff, 0xff, 0xff, 0xff, 0x40, 0x0, 0x6, 0xff,
    0xff, 0xff, 0xff, 0xff, 0xff, 0xff, 0xf2, 0x0,
    0x1f, 0xff, 0xff, 0xff, 0xff, 0xff, 0xff, 0xff,
    0xfc, 0x0, 0x7f, 0xff, 0xff, 0xf9, 0x10, 0x2a,
    0xff, 0xff, 0xff, 0x40, 0xbf, 0xff, 0xff, 0xa0,
    0x0, 0x0, 0xbf, 0xff, 0xff, 0xb0, 0xdf, 0xff,
    0xff, 0x40, 0x0, 0x0, 0x6f, 0xff, 0xff, 0xf0,
    0xdf, 0xff, 0xff, 0x50, 0x0, 0x0, 0x6f, 0xff,
    0xff, 0xf3, 0xcf, 0xff, 0xff, 0xb0, 0x0, 0x0,
    0xcf, 0xff, 0xff, 0xf5, 0x8f, 0xff, 0xff, 0xfa,
    0x20, 0x3b, 0xff, 0xff, 0xff, 0xf6, 0x2f, 0xff,
    0xff, 0xff, 0xff, 0xff, 0xff, 0xff, 0xff, 0xf7,
    0x9, 0xff, 0xff, 0xff, 0xff, 0xff, 0xbc, 0xff,
    0xff, 0xf7, 0x0, 0xbf, 0xff, 0xff, 0xff, 0xfd,
    0x1d, 0xff, 0xff, 0xf6, 0x0, 0x6, 0xdf, 0xff,
    0xfe, 0x80, 0xf, 0xff, 0xff, 0xf4, 0x0, 0x0,
    0x2, 0x45, 0x30, 0x0, 0x4f, 0xff, 0xff, 0xf1,
    0x59, 0x99, 0x99, 0x60, 0x0, 0x0, 0xaf, 0xff,
    0xff, 0xd0, 0x6f, 0xff, 0xff, 0xf2, 0x0, 0x4,
    0xff, 0xff, 0xff, 0x80, 0x1f, 0xff, 0xff, 0xff,
    0x98, 0xaf, 0xff, 0xff, 0xff, 0x20, 0x9, 0xff,
    0xff, 0xff, 0xff, 0xff, 0xff, 0xff, 0xf8, 0x0,
    0x1, 0xef, 0xff, 0xff, 0xff, 0xff, 0xff, 0xff,
    0xd0, 0x0, 0x0, 0x2e, 0xff, 0xff, 0xff, 0xff,
    0xff, 0xfd, 0x10, 0x0, 0x0, 0x1, 0xbf, 0xff,
    0xff, 0xff, 0xff, 0x90, 0x0, 0x0, 0x0, 0x0,
    0x4, 0x9d, 0xff, 0xec, 0x82, 0x0, 0x0, 0x0,

    0x0, 0x15, 0x51, 0x0, 0x4, 0xff, 0xfe, 0x40,
    0xe, 0xff, 0xff, 0xe0, 0x3f, 0xff, 0xff, 0xf2,
    0x1f, 0xff, 0xff, 0xf0, 0xb, 0xff, 0xff, 0xa0,
    0x1, 0x9e, 0xe9, 0x0, 0x0, 0x0, 0x0, 0x0,
    0x0, 0x0, 0x0, 0x0, 0x0, 0x0, 0x0, 0x0,
    0x0, 0x0, 0x0, 0x0, 0x0, 0x15, 0x51, 0x0,
    0x4, 0xff, 0xfe, 0x40, 0xe, 0xff, 0xff, 0xe0,
    0x3f, 0xff, 0xff, 0xf2, 0x1f, 0xff, 0xff, 0xf0,
    0xb, 0xff, 0xff, 0xa0, 0x1, 0x9e, 0xe9, 0x0,

    0x0, 0x8, 0xee, 0xa1, 0x0, 0x8, 0xff, 0xff,
    0xc0, 0x0, 0xff, 0xff, 0xff, 0x30, 0xf, 0xff,
    0xff, 0xf4, 0x0, 0xcf, 0xff, 0xff, 0x10, 0x3,
    0xef, 0xff, 0x60, 0x0, 0x1, 0x56, 0x20, 0x0,
    0x0, 0x0, 0x0, 0x0, 0x0, 0x0, 0x0, 0x0,
    0x0, 0x0, 0x0, 0x0, 0x0, 0x0, 0x0, 0x0,
    0x0, 0x0, 0x0, 0x0, 0x0, 0x0, 0x0, 0x0,
    0x0, 0x0, 0x0, 0x8, 0x99, 0x99, 0x90, 0x0,
    0xff, 0xff, 0xfb, 0x0, 0x2f, 0xff, 0xff, 0x60,
    0x4, 0xff, 0xff, 0xf1, 0x0, 0x6f, 0xff, 0xfc,
    0x0, 0x8, 0xff, 0xff, 0x70, 0x0, 0xaf, 0xff,
    0xf3, 0x0, 0xc, 0xff, 0xfe, 0x0, 0x0, 0xef,
    0xff, 0x90, 0x0, 0xf, 0xff, 0xf4, 0x0, 0x2,
    0xff, 0xff, 0x0, 0x0,

    0x0, 0x0, 0x0, 0x0, 0x0, 0x0, 0x0, 0x0,
    0x1, 0x0, 0x0, 0x0, 0x0, 0x0, 0x0, 0x0,
    0x18, 0xe6, 0x0, 0x0, 0x0, 0x0, 0x0, 0x0,
    0x4b, 0xff, 0xf6, 0x0, 0x0, 0x0, 0x0, 0x1,
    0x7e, 0xff, 0xff, 0xf6, 0x0, 0x0, 0x0, 0x4,
    0xaf, 0xff, 0xff, 0xff, 0xf6, 0x0, 0x0, 0x17,
    0xdf, 0xff, 0xff, 0xff, 0xff, 0xf6, 0x0, 0x3a,
    0xff, 0xff, 0xff, 0xff, 0xff, 0xff, 0xd4, 0x4d,
    0xff, 0xff, 0xff, 0xff, 0xff, 0xfe, 0x93, 0x0,
    0x8f, 0xff, 0xff, 0xff, 0xff, 0xfa, 0x40, 0x0,
    0x0, 0x8f, 0xff, 0xff, 0xff, 0xa5, 0x0, 0x0,
    0x0, 0x0, 0x8f, 0xff, 0xff, 0xf5, 0x0, 0x0,
    0x0, 0x0, 0x0, 0x8f, 0xff, 0xff, 0xff, 0xe9,
    0x30, 0x0, 0x0, 0x0, 0x8f, 0xff, 0xff, 0xff,
    0xff, 0xfd, 0x82, 0x0, 0x0, 0x29, 0xef, 0xff,
    0xff, 0xff, 0xff, 0xff, 0xc7, 0x10, 0x0, 0x6,
    0xcf, 0xff, 0xff, 0xff, 0xff, 0xff, 0xf5, 0x0,
    0x0, 0x3, 0x9f, 0xff, 0xff, 0xff, 0xff, 0xf6,
    0x0, 0x0, 0x0, 0x0, 0x6d, 0xff, 0xff, 0xff,
    0xf6, 0x0, 0x0, 0x0, 0x0, 0x0, 0x3a, 0xff,
    0xff, 0xf6, 0x0, 0x0, 0x0, 0x0, 0x0, 0x0,
    0x17, 0xdf, 0xf6, 0x0, 0x0, 0x0, 0x0, 0x0,
    0x0, 0x0, 0x4, 0xa6, 0x0, 0x0, 0x0, 0x0,
    0x0, 0x0, 0x0, 0x0, 0x0,

    0x2, 0x22, 0x22, 0x22, 0x22, 0x22, 0x22, 0x22,
    0x21, 0x5f, 0xff, 0xff, 0xff, 0xff, 0xff, 0xff,
    0xff, 0xf8, 0x5f, 0xff, 0xff, 0xff, 0xff, 0xff,
    0xff, 0xff, 0xf8, 0x5f, 0xff, 0xff, 0xff, 0xff,
    0xff, 0xff, 0xff, 0xf8, 0x5f, 0xff, 0xff, 0xff,
    0xff, 0xff, 0xff, 0xff, 0xf8, 0x5f, 0xff, 0xff,
    0xff, 0xff, 0xff, 0xff, 0xff, 0xf8, 0x0, 0x0,
    0x0, 0x0, 0x0, 0x0, 0x0, 0x0, 0x0, 0x0,
    0x0, 0x0, 0x0, 0x0, 0x0, 0x0, 0x0, 0x0,
    0x3, 0x33, 0x33, 0x33, 0x33, 0x33, 0x33, 0x33,
    0x31, 0x5f, 0xff, 0xff, 0xff, 0xff, 0xff, 0xff,
    0xff, 0xf8, 0x5f, 0xff, 0xff, 0xff, 0xff, 0xff,
    0xff, 0xff, 0xf8, 0x5f, 0xff, 0xff, 0xff, 0xff,
    0xff, 0xff, 0xff, 0xf8, 0x5f, 0xff, 0xff, 0xff,
    0xff, 0xff, 0xff, 0xff, 0xf8, 0x5f, 0xff, 0xff,
    0xff, 0xff, 0xff, 0xff, 0xff, 0xf8,

    0x0, 0x0, 0x0, 0x0, 0x0, 0x0, 0x0, 0x0,
    0x0, 0x3f, 0x93, 0x0, 0x0, 0x0, 0x0, 0x0,
    0x0, 0x0, 0x3f, 0xff, 0xc5, 0x0, 0x0, 0x0,
    0x0, 0x0, 0x0, 0x3f, 0xff, 0xff, 0xe8, 0x20,
    0x0, 0x0, 0x0, 0x0, 0x3f, 0xff, 0xff, 0xff,
    0xfb, 0x50, 0x0, 0x0, 0x0, 0x3f, 0xff, 0xff,
    0xff, 0xff, 0xfe, 0x81, 0x0, 0x0, 0x2c, 0xff,
    0xff, 0xff, 0xff, 0xff, 0xff, 0xb4, 0x0, 0x0,
    0x28, 0xdf, 0xff, 0xff, 0xff, 0xff, 0xff, 0xe5,
    0x0, 0x0, 0x3, 0x8e, 0xff, 0xff, 0xff, 0xff,
    0xfb, 0x0, 0x0, 0x0, 0x0, 0x49, 0xef, 0xff,
    0xff, 0xfb, 0x0, 0x0, 0x0, 0x0, 0x0, 0x3d,
    0xff, 0xff, 0xfb, 0x0, 0x0, 0x0, 0x2, 0x8d,
    0xff, 0xff, 0xff, 0xfb, 0x0, 0x0, 0x17, 0xcf,
    0xff, 0xff, 0xff, 0xff, 0xfb, 0x0, 0x6b, 0xff,
    0xff, 0xff, 0xff, 0xff, 0xff, 0xa3, 0x2f, 0xff,
    0xff, 0xff, 0xff, 0xff, 0xfd, 0x71, 0x0, 0x3f,
    0xff, 0xff, 0xff, 0xff, 0xfa, 0x40, 0x0, 0x0,
    0x3f, 0xff, 0xff, 0xff, 0xe7, 0x10, 0x0, 0x0,
    0x0, 0x3f, 0xff, 0xff, 0xb4, 0x0, 0x0, 0x0,
    0x0, 0x0, 0x3f, 0xfe, 0x81, 0x0, 0x0, 0x0,
    0x0, 0x0, 0x0, 0x3b, 0x50, 0x0, 0x0, 0x0,
    0x0, 0x0, 0x0, 0x0, 0x0, 0x0, 0x0, 0x0,
    0x0, 0x0, 0x0, 0x0, 0x0,

    0x0, 0x0, 0x59, 0xde, 0xfe, 0xd9, 0x40, 0x0,
    0x0, 0x3, 0xcf, 0xff, 0xff, 0xff, 0xff, 0xd4,
    0x0, 0x3, 0xff, 0xff, 0xff, 0xff, 0xff, 0xff,
    0xf5, 0x0, 0xef, 0xff, 0xff, 0xff, 0xff, 0xff,
    0xff, 0xf1, 0x6f, 0xff, 0xff, 0xff, 0xff, 0xff,
    0xff, 0xff, 0x8a, 0xff, 0xff, 0xfc, 0x20, 0x6f,
    0xff, 0xff, 0xfb, 0xcf, 0xff, 0xff, 0x20, 0x0,
    0xcf, 0xff, 0xff, 0xc2, 0x22, 0x22, 0x20, 0x0,
    0xd, 0xff, 0xff, 0xfa, 0x0, 0x0, 0x0, 0x0,
    0x8, 0xff, 0xff, 0xff, 0x60, 0x0, 0x0, 0x0,
    0x1b, 0xff, 0xff, 0xff, 0xd0, 0x0, 0x0, 0x0,
    0x3e, 0xff, 0xff, 0xff, 0xe2, 0x0, 0x0, 0x0,
    0xe, 0xff, 0xff, 0xff, 0xb1, 0x0, 0x0, 0x0,
    0x6, 0xff, 0xff, 0xff, 0x60, 0x0, 0x0, 0x0,
    0x0, 0xaf, 0xff, 0xff, 0x40, 0x0, 0x0, 0x0,
    0x0, 0xc, 0xff, 0xff, 0xb0, 0x0, 0x0, 0x0,
    0x0, 0x0, 0xcf, 0xff, 0xf9, 0x0, 0x0, 0x0,
    0x0, 0x0, 0x3, 0x44, 0x44, 0x20, 0x0, 0x0,
    0x0, 0x0, 0x0, 0x1, 0x43, 0x0, 0x0, 0x0,
    0x0, 0x0, 0x0, 0x7, 0xff, 0xfe, 0x30, 0x0,
    0x0, 0x0, 0x0, 0x3, 0xff, 0xff, 0xfe, 0x0,
    0x0, 0x0, 0x0, 0x0, 0x6f, 0xff, 0xff, 0xf2,
    0x0, 0x0, 0x0, 0x0, 0x5, 0xff, 0xff, 0xff,
    0x10, 0x0, 0x0, 0x0, 0x0, 0x1e, 0xff, 0xff,
    0xb0, 0x0, 0x0, 0x0, 0x0, 0x0, 0x3b, 0xfe,
    0x91, 0x0, 0x0, 0x0,

    0x0, 0x0, 0x0, 0x0, 0x0, 0x48, 0xbd, 0xff,
    0xfe, 0xda, 0x73, 0x0, 0x0, 0x0, 0x0, 0x0,
    0x0, 0x0, 0x0, 0x1, 0x8f, 0xff, 0xff, 0xff,
    0xff, 0xff, 0xff, 0xe8, 0x10, 0x0, 0x0, 0x0,
    0x0, 0x0, 0x0, 0x7f, 0xff, 0xff, 0xff, 0xff,
    0xff, 0xff, 0xff, 0xff, 0xf7, 0x0, 0x0, 0x0,
    0x0, 0x0, 0xb, 0xff, 0xff, 0xff, 0xff, 0xff,
    0xff, 0xff, 0xff, 0xff, 0xff, 0xb1, 0x0, 0x0,
    0x0, 0x0, 0xcf, 0xff, 0xff, 0xff, 0xff, 0xed,
    0xcd, 0xef, 0xff, 0xff, 0xff, 0xfd, 0x10, 0x0,
    0x0, 0xa, 0xff, 0xff, 0xff, 0xe8, 0x40, 0x0,
    0x0, 0x1, 0x5a, 0xff, 0xff, 0xff, 0xc0, 0x0,
    0x0, 0x6f, 0xff, 0xff, 0xf7, 0x0, 0x0, 0x0,
    0x0, 0x0, 0x0, 0x2c, 0xff, 0xff, 0xf8, 0x0,
    0x0, 0xef, 0xff, 0xff, 0x40, 0x1, 0x8d, 0xff,
    0xd8, 0x13, 0xaa, 0xa6, 0xaf, 0xff, 0xff, 0x20,
    0x7, 0xff, 0xff, 0xf5, 0x0, 0x3e, 0xff, 0xff,
    0xff, 0xe6, 0xff, 0xf8, 0xd, 0xff, 0xff, 0x90,
    0xd, 0xff, 0xff, 0xa0, 0x2, 0xff, 0xff, 0xff,
    0xff, 0xff, 0xff, 0xf8, 0x4, 0xff, 0xff, 0xf0,
    0x2f, 0xff, 0xff, 0x20, 0xc, 0xff, 0xff, 0xff,
    0xff, 0xff, 0xff, 0xf8, 0x0, 0xdf, 0xff, 0xf4,
    0x6f, 0xff, 0xfc, 0x0, 0x4f, 0xff, 0xff, 0xda,
    0xbf, 0xff, 0xff, 0xf8, 0x0, 0x9f, 0xff, 0xf7,
    0xaf, 0xff, 0xf8, 0x0, 0x9f, 0xff, 0xf7, 0x0,
    0x1, 0xdf, 0xff, 0xf8, 0x0, 0x5f, 0xff, 0xfa,
    0xbf, 0xff, 0xf5, 0x0, 0xdf, 0xff, 0xd0, 0x0,
    0x0, 0x4f, 0xff, 0xf8, 0x0, 0x3f, 0xff, 0xfb,
    0xcf, 0xff, 0xf4, 0x0, 0xef, 0xff, 0x80, 0x0,
    0x0, 0xf, 0xff, 0xf8, 0x0, 0x2f, 0xff, 0xfc,
    0xef, 0xff, 0xf3, 0x0, 0xff, 0xff, 0x60, 0x0,
    0x0, 0xd, 0xff, 0xf8, 0x0, 0x2f, 0xff, 0xfb,
    0xdf, 0xff, 0xf4, 0x0, 0xff, 0xff, 0x60, 0x0,
    0x0, 0xd, 0xff, 0xf8, 0x0, 0x2f, 0xff, 0xfa,
    0xdf, 0xff, 0xf5, 0x0, 0xef, 0xff, 0x90, 0x0,
    0x0, 0xf, 0xff, 0xf8, 0x0, 0x5f, 0xff, 0xf8,
    0xbf, 0xff, 0xf7, 0x0, 0xbf, 0xff, 0xe0, 0x0,
    0x0, 0x7f, 0xff, 0xf8, 0x0, 0x9f, 0xff, 0xf4,
    0x9f, 0xff, 0xfb, 0x0, 0x6f, 0xff, 0xfb, 0x10,
    0x5, 0xff, 0xff, 0xf9, 0x4, 0xff, 0xff, 0xe0,
    0x5f, 0xff, 0xff, 0x10, 0xe, 0xff, 0xff, 0xfe,
    0xff, 0xff, 0xff, 0xff, 0xef, 0xff, 0xff, 0x70,
    0x1f, 0xff, 0xff, 0x80, 0x5, 0xff, 0xff, 0xff,
    0xff, 0xff, 0xcf, 0xff, 0xff, 0xff, 0xfc, 0x0,
    0xb, 0xff, 0xff, 0xf4, 0x0, 0x6f, 0xff, 0xff,
    0xff, 0xf6, 0x3f, 0xff, 0xff, 0xff, 0xb0, 0x0,
    0x4, 0xff, 0xff, 0xfe, 0x30, 0x2, 0x8d, 0xff,
    0xd9, 0x30, 0x4, 0xbe, 0xfe, 0xb5, 0x0, 0x0,
    0x0, 0xbf, 0xff, 0xff, 0xf7, 0x0, 0x0, 0x0,
    0x0, 0x0, 0x0, 0x0, 0x0, 0x0, 0x0, 0x0,
    0x0, 0x1e, 0xff, 0xff, 0xff, 0xe8, 0x40, 0x0,
    0x0, 0x0, 0x25, 0x90, 0x0, 0x0, 0x0, 0x0,
    0x0, 0x3, 0xff, 0xff, 0xff, 0xff, 0xff, 0xed,
    0xcd, 0xef, 0xff, 0xf5, 0x0, 0x0, 0x0, 0x0,
    0x0, 0x0, 0x3e, 0xff, 0xff, 0xff, 0xff, 0xff,
    0xff, 0xff, 0xff, 0xfc, 0x0, 0x0, 0x0, 0x0,
    0x0, 0x0, 0x1, 0xaf, 0xff, 0xff, 0xff, 0xff,
    0xff, 0xff, 0xff, 0xff, 0x30, 0x0, 0x0, 0x0,
    0x0, 0x0, 0x0, 0x3, 0xaf, 0xff, 0xff, 0xff,
    0xff, 0xff, 0xff, 0xfa, 0x20, 0x0, 0x0, 0x0,
    0x0, 0x0, 0x0, 0x0, 0x1, 0x59, 0xbe, 0xff,
    0xfe, 0xdb, 0x84, 0x0, 0x0, 0x0, 0x0, 0x0,

    0x0, 0x0, 0x0, 0x0, 0xef, 0xff, 0xff, 0xff,
    0xf1, 0x0, 0x0, 0x0, 0x0, 0x0, 0x0, 0x0,
    0x3f, 0xff, 0xff, 0xff, 0xff, 0x60, 0x0, 0x0,
    0x0, 0x0, 0x0, 0x0, 0x8, 0xff, 0xff, 0xff,
    0xff, 0xfb, 0x0, 0x0, 0x0, 0x0, 0x0, 0x0,
    0x0, 0xdf, 0xff, 0xff, 0xff, 0xff, 0xf0, 0x0,
    0x0, 0x0, 0x0, 0x0, 0x0, 0x2f, 0xff, 0xff,
    0xff, 0xff, 0xff, 0x50, 0x0, 0x0, 0x0, 0x0,
    0x0, 0x7, 0xff, 0xff, 0xff, 0xff, 0xff, 0xfa,
    0x0, 0x0, 0x0, 0x0, 0x0, 0x0, 0xcf, 0xff,
    0xff, 0x9f, 0xff, 0xff, 0xf0, 0x0, 0x0, 0x0,
    0x0, 0x0, 0x1f, 0xff, 0xff, 0xf2, 0xff, 0xff,
    0xff, 0x50, 0x0, 0x0, 0x0, 0x0, 0x6, 0xff,
    0xff, 0xfe, 0xd, 0xff, 0xff, 0xfa, 0x0, 0x0,
    0x0, 0x0, 0x0, 0xbf, 0xff, 0xff, 0xa0, 0x9f,
    0xff, 0xff, 0xf0, 0x0, 0x0, 0x0, 0x0, 0xf,
    0xff, 0xff, 0xf7, 0x5, 0xff, 0xff, 0xff, 0x50,
    0x0, 0x0, 0x0, 0x5, 0xff, 0xff, 0xff, 0x30,
    0x1f, 0xff, 0xff, 0xfa, 0x0, 0x0, 0x0, 0x0,
    0xaf, 0xff, 0xff, 0xf0, 0x0, 0xdf, 0xff, 0xff,
    0xf0, 0x0, 0x0, 0x0, 0xf, 0xff, 0xff, 0xfc,
    0x0, 0x9, 0xff, 0xff, 0xff, 0x40, 0x0, 0x0,
    0x4, 0xff, 0xff, 0xff, 0x80, 0x0, 0x5f, 0xff,
    0xff, 0xf9, 0x0, 0x0, 0x0, 0x9f, 0xff, 0xff,
    0xff, 0xff, 0xff, 0xff, 0xff, 0xff, 0xe0, 0x0,
    0x0, 0xe, 0xff, 0xff, 0xff, 0xff, 0xff, 0xff,
    0xff, 0xff, 0xff, 0x40, 0x0, 0x3, 0xff, 0xff,
    0xff, 0xff, 0xff, 0xff, 0xff, 0xff, 0xff, 0xf9,
    0x0, 0x0, 0x8f, 0xff, 0xff, 0xff, 0xff, 0xff,
    0xff, 0xff, 0xff, 0xff, 0xe0, 0x0, 0xd, 0xff,
    0xff, 0xff, 0xcc, 0xcc, 0xcc, 0xcf, 0xff, 0xff,
    0xff, 0x30, 0x2, 0xff, 0xff, 0xff, 0xd0, 0x0,
    0x0, 0x0, 0x8f, 0xff, 0xff, 0xf9, 0x0, 0x7f,
    0xff, 0xff, 0xf8, 0x0, 0x0, 0x0, 0x3, 0xff,
    0xff, 0xff, 0xe0, 0xd, 0xff, 0xff, 0xff, 0x30,
    0x0, 0x0, 0x0, 0xe, 0xff, 0xff, 0xff, 0x32,
    0xff, 0xff, 0xff, 0xe0, 0x0, 0x0, 0x0, 0x0,
    0x9f, 0xff, 0xff, 0xf8,

    0x8f, 0xff, 0xff, 0xff, 0xff, 0xff, 0xdb, 0x61,
    0x0, 0x0, 0x8f, 0xff, 0xff, 0xff, 0xff, 0xff,
    0xff, 0xff, 0x60, 0x0, 0x8f, 0xff, 0xff, 0xff,
    0xff, 0xff, 0xff, 0xff, 0xf7, 0x0, 0x8f, 0xff,
    0xff, 0xff, 0xff, 0xff, 0xff, 0xff, 0xff, 0x20,
    0x8f, 0xff, 0xff, 0xff, 0xff, 0xff, 0xff, 0xff,
    0xff, 0x70, 0x8f, 0xff, 0xff, 0xd0, 0x1, 0x3c,
    0xff, 0xff, 0xff, 0xa0, 0x8f, 0xff, 0xff, 0xd0,
    0x0, 0x1, 0xff, 0xff, 0xff, 0xa0, 0x8f, 0xff,
    0xff, 0xd0, 0x0, 0x0, 0xdf, 0xff, 0xff, 0x80,
    0x8f, 0xff, 0xff, 0xd0, 0x0, 0x0, 0xff, 0xff,
    0xff, 0x30, 0x8f, 0xff, 0xff, 0xd0, 0x0, 0x3b,
    0xff, 0xff, 0xf9, 0x0, 0x8f, 0xff, 0xff, 0xff,
    0xff, 0xff, 0xff, 0xff, 0x80, 0x0, 0x8f, 0xff,
    0xff, 0xff, 0xff, 0xff, 0xff, 0xa2, 0x0, 0x0,
    0x8f, 0xff, 0xff, 0xff, 0xff, 0xff, 0xff, 0xff,
    0xa1, 0x0, 0x8f, 0xff, 0xff, 0xff, 0xff, 0xff,
    0xff, 0xff, 0xfe, 0x20, 0x8f, 0xff, 0xff, 0xd0,
    0x0, 0x15, 0xef, 0xff, 0xff, 0xd0, 0x8f, 0xff,
    0xff, 0xd0, 0x0, 0x0, 0x4f, 0xff, 0xff, 0xf4,
    0x8f, 0xff, 0xff, 0xd0, 0x0, 0x0, 0x1f, 0xff,
    0xff, 0xf8, 0x8f, 0xff, 0xff, 0xd0, 0x0, 0x0,
    0x4f, 0xff, 0xff, 0xf9, 0x8f, 0xff, 0xff, 0xd2,
    0x22, 0x36, 0xef, 0xff, 0xff, 0xf7, 0x8f, 0xff,
    0xff, 0xff, 0xff, 0xff, 0xff, 0xff, 0xff, 0xf3,
    0x8f, 0xff, 0xff, 0xff, 0xff, 0xff, 0xff, 0xff,
    0xff, 0xc0, 0x8f, 0xff, 0xff, 0xff, 0xff, 0xff,
    0xff, 0xff, 0xfe, 0x10, 0x8f, 0xff, 0xff, 0xff,
    0xff, 0xff, 0xff, 0xff, 0xb1, 0x0, 0x8f, 0xff,
    0xff, 0xff, 0xff, 0xff, 0xed, 0x93, 0x0, 0x0,

    0x0, 0x0, 0x0, 0x16, 0xad, 0xff, 0xfd, 0x95,
    0x0, 0x0, 0x0, 0x0, 0x0, 0x8, 0xff, 0xff,
    0xff, 0xff, 0xff, 0xe5, 0x0, 0x0, 0x0, 0x2,
    0xdf, 0xff, 0xff, 0xff, 0xff, 0xff, 0xff, 0xa0,
    0x0, 0x0, 0x1e, 0xff, 0xff, 0xff, 0xff, 0xff,
    0xff, 0xff, 0xfa, 0x0, 0x0, 0xcf, 0xff, 0xff,
    0xff, 0xff, 0xff, 0xff, 0xff, 0xff, 0x60, 0x6,
    0xff, 0xff, 0xff, 0xff, 0xba, 0xcf, 0xff, 0xff,
    0xff, 0xe0, 0xe, 0xff, 0xff, 0xff, 0xa1, 0x0,
    0x1, 0xcf, 0xff, 0xff, 0xf5, 0x4f, 0xff, 0xff,
    0xfb, 0x0, 0x0, 0x0, 0x1e, 0xff, 0xff, 0xfa,
    0x8f, 0xff, 0xff, 0xf3, 0x0, 0x0, 0x0, 0x9,
    0xee, 0xee, 0xeb, 0xbf, 0xff, 0xff, 0xe0, 0x0,
    0x0, 0x0, 0x0, 0x0, 0x0, 0x0, 0xdf, 0xff,
    0xff, 0xb0, 0x0, 0x0, 0x0, 0x0, 0x0, 0x0,
    0x0, 0xef, 0xff, 0xff, 0x90, 0x0, 0x0, 0x0,
    0x0, 0x0, 0x0, 0x0, 0xef, 0xff, 0xff, 0x90,
    0x0, 0x0, 0x0, 0x0, 0x0, 0x0, 0x0, 0xdf,
    0xff, 0xff, 0xa0, 0x0, 0x0, 0x0, 0x0, 0x0,
    0x0, 0x0, 0xbf, 0xff, 0xff, 0xd0, 0x0, 0x0,
    0x0, 0x0, 0x0, 0x0, 0x0, 0x8f, 0xff, 0xff,
    0xf2, 0x0, 0x0, 0x0, 0x9, 0xee, 0xee, 0xeb,
    0x4f, 0xff, 0xff, 0xfb, 0x0, 0x0, 0x0, 0x1e,
    0xff, 0xff, 0xfa, 0xe, 0xff, 0xff, 0xff, 0x90,
    0x0, 0x1, 0xcf, 0xff, 0xff, 0xf5, 0x7, 0xff,
    0xff, 0xff, 0xff, 0xb9, 0xbf, 0xff, 0xff, 0xff,
    0xd0, 0x0, 0xdf, 0xff, 0xff, 0xff, 0xff, 0xff,
    0xff, 0xff, 0xff, 0x40, 0x0, 0x2e, 0xff, 0xff,
    0xff, 0xff, 0xff, 0xff, 0xff, 0xf8, 0x0, 0x0,
    0x2, 0xdf, 0xff, 0xff, 0xff, 0xff, 0xff, 0xff,
    0x80, 0x0, 0x0, 0x0, 0x8, 0xff, 0xff, 0xff,
    0xff, 0xff, 0xd4, 0x0, 0x0, 0x0, 0x0, 0x0,
    0x16, 0xbd, 0xff, 0xec, 0x94, 0x0, 0x0, 0x0,

    0x8f, 0xff, 0xff, 0xff, 0xff, 0xfd, 0xa6, 0x10,
    0x0, 0x0, 0x0, 0x8f, 0xff, 0xff, 0xff, 0xff,
    0xff, 0xff, 0xf9, 0x10, 0x0, 0x0, 0x8f, 0xff,
    0xff, 0xff, 0xff, 0xff, 0xff, 0xff, 0xe3, 0x0,
    0x0, 0x8f, 0xff, 0xff, 0xff, 0xff, 0xff, 0xff,
    0xff, 0xff, 0x30, 0x0, 0x8f, 0xff, 0xff, 0xff,
    0xff, 0xff, 0xff, 0xff, 0xff, 0xe0, 0x0, 0x8f,
    0xff, 0xff, 0xe7, 0x78, 0x9d, 0xff, 0xff, 0xff,
    0xf8, 0x0, 0x8f, 0xff, 0xff, 0xd0, 0x0, 0x0,
    0x5e, 0xff, 0xff, 0xff, 0x10, 0x8f, 0xff, 0xff,
    0xd0, 0x0, 0x0, 0x5, 0xff, 0xff, 0xff, 0x60,
    0x8f, 0xff, 0xff, 0xd0, 0x0, 0x0, 0x0, 0xcf,
    0xff, 0xff, 0xa0, 0x8f, 0xff, 0xff, 0xd0, 0x0,
    0x0, 0x0, 0x8f, 0xff, 0xff, 0xd0, 0x8f, 0xff,
    0xff, 0xd0, 0x0, 0x0, 0x0, 0x6f, 0xff, 0xff,
    0xf0, 0x8f, 0xff, 0xff, 0xd0, 0x0, 0x0, 0x0,
    0x5f, 0xff, 0xff, 0xf0, 0x8f, 0xff, 0xff, 0xd0,
    0x0, 0x0, 0x0, 0x5f, 0xff, 0xff, 0xf0, 0x8f,
    0xff, 0xff, 0xd0, 0x0, 0x0, 0x0, 0x6f, 0xff,
    0xff, 0xf0, 0x8f, 0xff, 0xff, 0xd0, 0x0, 0x0,
    0x0, 0x8f, 0xff, 0xff, 0xd0, 0x8f, 0xff, 0xff,
    0xd0, 0x0, 0x0, 0x0, 0xcf, 0xff, 0xff, 0xa0,
    0x8f, 0xff, 0xff, 0xd0, 0x0, 0x0, 0x4, 0xff,
    0xff, 0xff, 0x60, 0x8f, 0xff, 0xff, 0xd0, 0x0,
    0x0, 0x4e, 0xff, 0xff, 0xff, 0x10, 0x8f, 0xff,
    0xff, 0xe7, 0x77, 0x9d, 0xff, 0xff, 0xff, 0xf8,
    0x0, 0x8f, 0xff, 0xff, 0xff, 0xff, 0xff, 0xff,
    0xff, 0xff, 0xe0, 0x0, 0x8f, 0xff, 0xff, 0xff,
    0xff, 0xff, 0xff, 0xff, 0xff, 0x30, 0x0, 0x8f,
    0xff, 0xff, 0xff, 0xff, 0xff, 0xff, 0xff, 0xe3,
    0x0, 0x0, 0x8f, 0xff, 0xff, 0xff, 0xff, 0xff,
    0xff, 0xf9, 0x10, 0x0, 0x0, 0x8f, 0xff, 0xff,
    0xff, 0xff, 0xfd, 0xb6, 0x10, 0x0, 0x0, 0x0,

    0x8f, 0xff, 0xff, 0xff, 0xff, 0xff, 0xff, 0xff,
    0xf4, 0x8f, 0xff, 0xff, 0xff, 0xff, 0xff, 0xff,
    0xff, 0xf4, 0x8f, 0xff, 0xff, 0xff, 0xff, 0xff,
    0xff, 0xff, 0xf4, 0x8f, 0xff, 0xff, 0xff, 0xff,
    0xff, 0xff, 0xff, 0xf4, 0x8f, 0xff, 0xff, 0xff,
    0xff, 0xff, 0xff, 0xff, 0xf4, 0x8f, 0xff, 0xff,
    0xd2, 0x22, 0x22, 0x22, 0x22, 0x20, 0x8f, 0xff,
    0xff, 0xd0, 0x0, 0x0, 0x0, 0x0, 0x0, 0x8f,
    0xff, 0xff, 0xd0, 0x0, 0x0, 0x0, 0x0, 0x0,
    0x8f, 0xff, 0xff, 0xd0, 0x0, 0x0, 0x0, 0x0,
    0x0, 0x8f, 0xff, 0xff, 0xd1, 0x11, 0x11, 0x11,
    0x11, 0x0, 0x8f, 0xff, 0xff, 0xff, 0xff, 0xff,
    0xff, 0xff, 0x60, 0x8f, 0xff, 0xff, 0xff, 0xff,
    0xff, 0xff, 0xff, 0x60, 0x8f, 0xff, 0xff, 0xff,
    0xff, 0xff, 0xff, 0xff, 0x60, 0x8f, 0xff, 0xff,
    0xff, 0xff, 0xff, 0xff, 0xff, 0x60, 0x8f, 0xff,
    0xff, 0xff, 0xff, 0xff, 0xff, 0xff, 0x60, 0x8f,
    0xff, 0xff, 0xd0, 0x0, 0x0, 0x0, 0x0, 0x0,
    0x8f, 0xff, 0xff, 0xd0, 0x0, 0x0, 0x0, 0x0,
    0x0, 0x8f, 0xff, 0xff, 0xd0, 0x0, 0x0, 0x0,
    0x0, 0x0, 0x8f, 0xff, 0xff, 0xd3, 0x33, 0x33,
    0x33, 0x33, 0x30, 0x8f, 0xff, 0xff, 0xff, 0xff,
    0xff, 0xff, 0xff, 0xf3, 0x8f, 0xff, 0xff, 0xff,
    0xff, 0xff, 0xff, 0xff, 0xf3, 0x8f, 0xff, 0xff,
    0xff, 0xff, 0xff, 0xff, 0xff, 0xf3, 0x8f, 0xff,
    0xff, 0xff, 0xff, 0xff, 0xff, 0xff, 0xf3, 0x8f,
    0xff, 0xff, 0xff, 0xff, 0xff, 0xff, 0xff, 0xf3,

    0x8f, 0xff, 0xff, 0xff, 0xff, 0xff, 0xff, 0xff,
    0xe8, 0xff, 0xff, 0xff, 0xff, 0xff, 0xff, 0xff,
    0xfe, 0x8f, 0xff, 0xff, 0xff, 0xff, 0xff, 0xff,
    0xff, 0xe8, 0xff, 0xff, 0xff, 0xff, 0xff, 0xff,
    0xff, 0xfe, 0x8f, 0xff, 0xff, 0xff, 0xff, 0xff,
    0xff, 0xff, 0xe8, 0xff, 0xff, 0xfd, 0x22, 0x22,
    0x22, 0x22, 0x22, 0x8f, 0xff, 0xff, 0xd0, 0x0,
    0x0, 0x0, 0x0, 0x8, 0xff, 0xff, 0xfd, 0x0,
    0x0, 0x0, 0x0, 0x0, 0x8f, 0xff, 0xff, 0xd0,
    0x0, 0x0, 0x0, 0x0, 0x8, 0xff, 0xff, 0xfd,
    0x0, 0x0, 0x0, 0x0, 0x0, 0x8f, 0xff, 0xff,
    0xd1, 0x11, 0x11, 0x11, 0x10, 0x8, 0xff, 0xff,
    0xff, 0xff, 0xff, 0xff, 0xff, 0xe0, 0x8f, 0xff,
    0xff, 0xff, 0xff, 0xff, 0xff, 0xfe, 0x8, 0xff,
    0xff, 0xff, 0xff, 0xff, 0xff, 0xff, 0xe0, 0x8f,
    0xff, 0xff, 0xff, 0xff, 0xff, 0xff, 0xfe, 0x8,
    0xff, 0xff, 0xff, 0xff, 0xff, 0xff, 0xff, 0xe0,
    0x8f, 0xff, 0xff, 0xd0, 0x0, 0x0, 0x0, 0x0,
    0x8, 0xff, 0xff, 0xfd, 0x0, 0x0, 0x0, 0x0,
    0x0, 0x8f, 0xff, 0xff, 0xd0, 0x0, 0x0, 0x0,
    0x0, 0x8, 0xff, 0xff, 0xfd, 0x0, 0x0, 0x0,
    0x0, 0x0, 0x8f, 0xff, 0xff, 0xd0, 0x0, 0x0,
    0x0, 0x0, 0x8, 0xff, 0xff, 0xfd, 0x0, 0x0,
    0x0, 0x0, 0x0, 0x8f, 0xff, 0xff, 0xd0, 0x0,
    0x0, 0x0, 0x0, 0x8, 0xff, 0xff, 0xfd, 0x0,
    0x0, 0x0, 0x0, 0x0,

    0x0, 0x0, 0x0, 0x5, 0xad, 0xff, 0xfd, 0xa5,
    0x0, 0x0, 0x0, 0x0, 0x0, 0x6, 0xef, 0xff,
    0xff, 0xff, 0xff, 0xe5, 0x0, 0x0, 0x0, 0x1,
    0xcf, 0xff, 0xff, 0xff, 0xff, 0xff, 0xff, 0xa0,
    0x0, 0x0, 0xd, 0xff, 0xff, 0xff, 0xff, 0xff,
    0xff, 0xff, 0xfa, 0x0, 0x0, 0xbf, 0xff, 0xff,
    0xff, 0xff, 0xff, 0xff, 0xff, 0xff, 0x70, 0x5,
    0xff, 0xff, 0xff, 0xff, 0xba, 0xbf, 0xff, 0xff,
    0xff, 0xf1, 0xd, 0xff, 0xff, 0xff, 0xb1, 0x0,
    0x0, 0xaf, 0xff, 0xff, 0xf6, 0x3f, 0xff, 0xff,
    0xfc, 0x0, 0x0, 0x0, 0xd, 0xff, 0xff, 0xf9,
    0x8f, 0xff, 0xff, 0xf3, 0x0, 0x0, 0x0, 0x0,
    0x0, 0x0, 0x0, 0xbf, 0xff, 0xff, 0xe0, 0x0,
    0x0, 0x0, 0x0, 0x0, 0x0, 0x0, 0xdf, 0xff,
    0xff, 0xb0, 0x0, 0x3, 0x99, 0x99, 0x99, 0x99,
    0x98, 0xef, 0xff, 0xff, 0x90, 0x0, 0x5, 0xff,
    0xff, 0xff, 0xff, 0xff, 0xef, 0xff, 0xff, 0x90,
    0x0, 0x5, 0xff, 0xff, 0xff, 0xff, 0xff, 0xdf,
    0xff, 0xff, 0xb0, 0x0, 0x5, 0xff, 0xff, 0xff,
    0xff, 0xff, 0xbf, 0xff, 0xff, 0xe0, 0x0, 0x5,
    0xff, 0xff, 0xff, 0xff, 0xfe, 0x8f, 0xff, 0xff,
    0xf3, 0x0, 0x0, 0x0, 0x3, 0xff, 0xff, 0xfd,
    0x4f, 0xff, 0xff, 0xfb, 0x0, 0x0, 0x0, 0x8,
    0xff, 0xff, 0xfa, 0xd, 0xff, 0xff, 0xff, 0xa0,
    0x0, 0x0, 0x5f, 0xff, 0xff, 0xf6, 0x6, 0xff,
    0xff, 0xff, 0xff, 0xb9, 0xad, 0xff, 0xff, 0xff,
    0xf0, 0x0, 0xcf, 0xff, 0xff, 0xff, 0xff, 0xff,
    0xff, 0xff, 0xff, 0x70, 0x0, 0x1e, 0xff, 0xff,
    0xff, 0xff, 0xff, 0xff, 0xff, 0xfb, 0x0, 0x0,
    0x2, 0xdf, 0xff, 0xff, 0xff, 0xff, 0xff, 0xff,
    0xb0, 0x0, 0x0, 0x0, 0x8, 0xff, 0xff, 0xff,
    0xff, 0xff, 0xe7, 0x0, 0x0, 0x0, 0x0, 0x0,
    0x16, 0xad, 0xff, 0xfd, 0xa5, 0x0, 0x0, 0x0,

    0x8f, 0xff, 0xff, 0xd0, 0x0, 0x0, 0x0, 0xd,
    0xff, 0xff, 0xf8, 0x8f, 0xff, 0xff, 0xd0, 0x0,
    0x0, 0x0, 0xd, 0xff, 0xff, 0xf8, 0x8f, 0xff,
    0xff, 0xd0, 0x0, 0x0, 0x0, 0xd, 0xff, 0xff,
    0xf8, 0x8f, 0xff, 0xff, 0xd0, 0x0, 0x0, 0x0,
    0xd, 0xff, 0xff, 0xf8, 0x8f, 0xff, 0xff, 0xd0,
    0x0, 0x0, 0x0, 0xd, 0xff, 0xff, 0xf8, 0x8f,
    0xff, 0xff, 0xd0, 0x0, 0x0, 0x0, 0xd, 0xff,
    0xff, 0xf8, 0x8f, 0xff, 0xff, 0xd0, 0x0, 0x0,
    0x0, 0xd, 0xff, 0xff, 0xf8, 0x8f, 0xff, 0xff,
    0xd0, 0x0, 0x0, 0x0, 0xd, 0xff, 0xff, 0xf8,
    0x8f, 0xff, 0xff, 0xd0, 0x0, 0x0, 0x0, 0xd,
    0xff, 0xff, 0xf8, 0x8f, 0xff, 0xff, 0xff, 0xff,
    0xff, 0xff, 0xff, 0xff, 0xff, 0xf8, 0x8f, 0xff,
    0xff, 0xff, 0xff, 0xff, 0xff, 0xff, 0xff, 0xff,
    0xf8, 0x8f, 0xff, 0xff, 0xff, 0xff, 0xff, 0xff,
    0xff, 0xff, 0xff, 0xf8, 0x8f, 0xff, 0xff, 0xff,
    0xff, 0xff, 0xff, 0xff, 0xff, 0xff, 0xf8, 0x8f,
    0xff, 0xff, 0xff, 0xff, 0xff, 0xff, 0xff, 0xff,
    0xff, 0xf8, 0x8f, 0xff, 0xff, 0xd2, 0x22, 0x22,
    0x22, 0x2d, 0xff, 0xff, 0xf8, 0x8f, 0xff, 0xff,
    0xd0, 0x0, 0x0, 0x0, 0xd, 0xff, 0xff, 0xf8,
    0x8f, 0xff, 0xff, 0xd0, 0x0, 0x0, 0x0, 0xd,
    0xff, 0xff, 0xf8, 0x8f, 0xff, 0xff, 0xd0, 0x0,
    0x0, 0x0, 0xd, 0xff, 0xff, 0xf8, 0x8f, 0xff,
    0xff, 0xd0, 0x0, 0x0, 0x0, 0xd, 0xff, 0xff,
    0xf8, 0x8f, 0xff, 0xff, 0xd0, 0x0, 0x0, 0x0,
    0xd, 0xff, 0xff, 0xf8, 0x8f, 0xff, 0xff, 0xd0,
    0x0, 0x0, 0x0, 0xd, 0xff, 0xff, 0xf8, 0x8f,
    0xff, 0xff, 0xd0, 0x0, 0x0, 0x0, 0xd, 0xff,
    0xff, 0xf8, 0x8f, 0xff, 0xff, 0xd0, 0x0, 0x0,
    0x0, 0xd, 0xff, 0xff, 0xf8, 0x8f, 0xff, 0xff,
    0xd0, 0x0, 0x0, 0x0, 0xd, 0xff, 0xff, 0xf8,

    0x8f, 0xff, 0xff, 0xd8, 0xff, 0xff, 0xfd, 0x8f,
    0xff, 0xff, 0xd8, 0xff, 0xff, 0xfd, 0x8f, 0xff,
    0xff, 0xd8, 0xff, 0xff, 0xfd, 0x8f, 0xff, 0xff,
    0xd8, 0xff, 0xff, 0xfd, 0x8f, 0xff, 0xff, 0xd8,
    0xff, 0xff, 0xfd, 0x8f, 0xff, 0xff, 0xd8, 0xff,
    0xff, 0xfd, 0x8f, 0xff, 0xff, 0xd8, 0xff, 0xff,
    0xfd, 0x8f, 0xff, 0xff, 0xd8, 0xff, 0xff, 0xfd,
    0x8f, 0xff, 0xff, 0xd8, 0xff, 0xff, 0xfd, 0x8f,
    0xff, 0xff, 0xd8, 0xff, 0xff, 0xfd, 0x8f, 0xff,
    0xff, 0xd8, 0xff, 0xff, 0xfd, 0x8f, 0xff, 0xff,
    0xd8, 0xff, 0xff, 0xfd,

    0x0, 0x0, 0x0, 0x0, 0x0, 0xa, 0xff, 0xff,
    0xf9, 0x0, 0x0, 0x0, 0x0, 0x0, 0xa, 0xff,
    0xff, 0xf9, 0x0, 0x0, 0x0, 0x0, 0x0, 0xa,
    0xff, 0xff, 0xf9, 0x0, 0x0, 0x0, 0x0, 0x0,
    0xa, 0xff, 0xff, 0xf9, 0x0, 0x0, 0x0, 0x0,
    0x0, 0xa, 0xff, 0xff, 0xf9, 0x0, 0x0, 0x0,
    0x0, 0x0, 0xa, 0xff, 0xff, 0xf9, 0x0, 0x0,
    0x0, 0x0, 0x0, 0xa, 0xff, 0xff, 0xf9, 0x0,
    0x0, 0x0, 0x0, 0x0, 0xa, 0xff, 0xff, 0xf9,
    0x0, 0x0, 0x0, 0x0, 0x0, 0xa, 0xff, 0xff,
    0xf9, 0x0, 0x0, 0x0, 0x0, 0x0, 0xa, 0xff,
    0xff, 0xf9, 0x0, 0x0, 0x0, 0x0, 0x0, 0xa,
    0xff, 0xff, 0xf9, 0x0, 0x0, 0x0, 0x0, 0x0,
    0xa, 0xff, 0xff, 0xf9, 0x0, 0x0, 0x0, 0x0,
    0x0, 0xa, 0xff, 0xff, 0xf9, 0x0, 0x0, 0x0,
    0x0, 0x0, 0xa, 0xff, 0xff, 0xf9, 0x13, 0x33,
    0x33, 0x30, 0x0, 0xa, 0xff, 0xff, 0xf9, 0x6f,
    0xff, 0xff, 0xf0, 0x0, 0xa, 0xff, 0xff, 0xf9,
    0x5f, 0xff, 0xff, 0xf0, 0x0, 0xa, 0xff, 0xff,
    0xf8, 0x4f, 0xff, 0xff, 0xf1, 0x0, 0xd, 0xff,
    0xff, 0xf7, 0x1f, 0xff, 0xff, 0xfb, 0x10, 0x7f,
    0xff, 0xff, 0xf4, 0xd, 0xff, 0xff, 0xff, 0xff,
    0xff, 0xff, 0xff, 0xf0, 0x5, 0xff, 0xff, 0xff,
    0xff, 0xff, 0xff, 0xff, 0x80, 0x0, 0x9f, 0xff,
    0xff, 0xff, 0xff, 0xff, 0xfc, 0x0, 0x0, 0x7,
    0xff, 0xff, 0xff, 0xff, 0xff, 0xa0, 0x0, 0x0,
    0x0, 0x17, 0xbe, 0xff, 0xec, 0x82, 0x0, 0x0,

    0x8f, 0xff, 0xff, 0xd0, 0x0, 0x0, 0x0, 0xbf,
    0xff, 0xff, 0xfb, 0x8, 0xff, 0xff, 0xfd, 0x0,
    0x0, 0x0, 0x7f, 0xff, 0xff, 0xfe, 0x10, 0x8f,
    0xff, 0xff, 0xd0, 0x0, 0x0, 0x3f, 0xff, 0xff,
    0xff, 0x30, 0x8, 0xff, 0xff, 0xfd, 0x0, 0x0,
    0x1e, 0xff, 0xff, 0xff, 0x60, 0x0, 0x8f, 0xff,
    0xff, 0xd0, 0x0, 0xb, 0xff, 0xff, 0xff, 0x90,
    0x0, 0x8, 0xff, 0xff, 0xfc, 0x0, 0x7, 0xff,
    0xff, 0xff, 0xc0, 0x0, 0x0, 0x8f, 0xff, 0xff,
    0xc0, 0x3, 0xff, 0xff, 0xff, 0xe1, 0x0, 0x0,
    0x8, 0xff, 0xff, 0xfc, 0x0, 0xef, 0xff, 0xff,
    0xf3, 0x0, 0x0, 0x0, 0x8f, 0xff, 0xff, 0xc0,
    0xaf, 0xff, 0xff, 0xf7, 0x0, 0x0, 0x0, 0x8,
    0xff, 0xff, 0xfb, 0x4f, 0xff, 0xff, 0xfa, 0x0,
    0x0, 0x0, 0x0, 0x8f, 0xff, 0xff, 0xbd, 0xff,
    0xff, 0xff, 0x20, 0x0, 0x0, 0x0, 0x8, 0xff,
    0xff, 0xff, 0xff, 0xff, 0xff, 0xfb, 0x0, 0x0,
    0x0, 0x0, 0x8f, 0xff, 0xff, 0xff, 0xff, 0xff,
    0xff, 0xf5, 0x0, 0x0, 0x0, 0x8, 0xff, 0xff,
    0xff, 0xff, 0xff, 0xff, 0xff, 0xe1, 0x0, 0x0,
    0x0, 0x8f, 0xff, 0xff, 0xff, 0xfe, 0xff, 0xff,
    0xff, 0x90, 0x0, 0x0, 0x8, 0xff, 0xff, 0xff,
    0xfd, 0x1c, 0xff, 0xff, 0xff, 0x30, 0x0, 0x0,
    0x8f, 0xff, 0xff, 0xfe, 0x20, 0x3f, 0xff, 0xff,
    0xfd, 0x0, 0x0, 0x8, 0xff, 0xff, 0xff, 0x40,
    0x0, 0xaf, 0xff, 0xff, 0xf7, 0x0, 0x0, 0x8f,
    0xff, 0xff, 0xd0, 0x0, 0x1, 0xff, 0xff, 0xff,
    0xf2, 0x0, 0x8, 0xff, 0xff, 0xfd, 0x0, 0x0,
    0x7, 0xff, 0xff, 0xff, 0xb0, 0x0, 0x8f, 0xff,
    0xff, 0xd0, 0x0, 0x0, 0xd, 0xff, 0xff, 0xff,
    0x60, 0x8, 0xff, 0xff, 0xfd, 0x0, 0x0, 0x0,
    0x5f, 0xff, 0xff, 0xfe, 0x10, 0x8f, 0xff, 0xff,
    0xd0, 0x0, 0x0, 0x0, 0xbf, 0xff, 0xff, 0xfa,
    0x8, 0xff, 0xff, 0xfd, 0x0, 0x0, 0x0, 0x2,
    0xff, 0xff, 0xff, 0xf4,

    0x8f, 0xff, 0xff, 0xd0, 0x0, 0x0, 0x0, 0x0,
    0x8, 0xff, 0xff, 0xfd, 0x0, 0x0, 0x0, 0x0,
    0x0, 0x8f, 0xff, 0xff, 0xd0, 0x0, 0x0, 0x0,
    0x0, 0x8, 0xff, 0xff, 0xfd, 0x0, 0x0, 0x0,
    0x0, 0x0, 0x8f, 0xff, 0xff, 0xd0, 0x0, 0x0,
    0x0, 0x0, 0x8, 0xff, 0xff, 0xfd, 0x0, 0x0,
    0x0, 0x0, 0x0, 0x8f, 0xff, 0xff, 0xd0, 0x0,
    0x0, 0x0, 0x0, 0x8, 0xff, 0xff, 0xfd, 0x0,
    0x0, 0x0, 0x0, 0x0, 0x8f, 0xff, 0xff, 0xd0,
    0x0, 0x0, 0x0, 0x0, 0x8, 0xff, 0xff, 0xfd,
    0x0, 0x0, 0x0, 0x0, 0x0, 0x8f, 0xff, 0xff,
    0xd0, 0x0, 0x0, 0x0, 0x0, 0x8, 0xff, 0xff,
    0xfd, 0x0, 0x0, 0x0, 0x0, 0x0, 0x8f, 0xff,
    0xff, 0xd0, 0x0, 0x0, 0x0, 0x0, 0x8, 0xff,
    0xff, 0xfd, 0x0, 0x0, 0x0, 0x0, 0x0, 0x8f,
    0xff, 0xff, 0xd0, 0x0, 0x0, 0x0, 0x0, 0x8,
    0xff, 0xff, 0xfd, 0x0, 0x0, 0x0, 0x0, 0x0,
    0x8f, 0xff, 0xff, 0xd0, 0x0, 0x0, 0x0, 0x0,
    0x8, 0xff, 0xff, 0xfd, 0x0, 0x0, 0x0, 0x0,
    0x0, 0x8f, 0xff, 0xff, 0xd3, 0x33, 0x33, 0x33,
    0x33, 0x8, 0xff, 0xff, 0xff, 0xff, 0xff, 0xff,
    0xff, 0xf3, 0x8f, 0xff, 0xff, 0xff, 0xff, 0xff,
    0xff, 0xff, 0x38, 0xff, 0xff, 0xff, 0xff, 0xff,
    0xff, 0xff, 0xf3, 0x8f, 0xff, 0xff, 0xff, 0xff,
    0xff, 0xff, 0xff, 0x38, 0xff, 0xff, 0xff, 0xff,
    0xff, 0xff, 0xff, 0xf3,

    0x8f, 0xff, 0xff, 0xff, 0xff, 0x90, 0x0, 0x0,
    0x0, 0xff, 0xff, 0xff, 0xff, 0xff, 0x18, 0xff,
    0xff, 0xff, 0xff, 0xfe, 0x0, 0x0, 0x0, 0x4f,
    0xff, 0xff, 0xff, 0xff, 0xf1, 0x8f, 0xff, 0xff,
    0xff, 0xff, 0xf2, 0x0, 0x0, 0x9, 0xff, 0xff,
    0xff, 0xff, 0xff, 0x18, 0xff, 0xff, 0xff, 0xff,
    0xff, 0x70, 0x0, 0x0, 0xdf, 0xff, 0xff, 0xff,
    0xff, 0xf1, 0x8f, 0xff, 0xff, 0xff, 0xff, 0xfb,
    0x0, 0x0, 0x2f, 0xff, 0xff, 0xff, 0xff, 0xff,
    0x18, 0xff, 0xff, 0xff, 0xff, 0xff, 0xf0, 0x0,
    0x6, 0xff, 0xff, 0xef, 0xff, 0xff, 0xf1, 0x8f,
    0xff, 0xff, 0xcf, 0xff, 0xff, 0x40, 0x0, 0xaf,
    0xff, 0xfb, 0xff, 0xff, 0xff, 0x18, 0xff, 0xff,
    0xfb, 0xef, 0xff, 0xf8, 0x0, 0xe, 0xff, 0xff,
    0x8f, 0xff, 0xff, 0xf1, 0x8f, 0xff, 0xff, 0xba,
    0xff, 0xff, 0xc0, 0x3, 0xff, 0xff, 0xf5, 0xff,
    0xff, 0xff, 0x18, 0xff, 0xff, 0xfb, 0x7f, 0xff,
    0xff, 0x0, 0x6f, 0xff, 0xff, 0x2f, 0xff, 0xff,
    0xf1, 0x8f, 0xff, 0xff, 0xc3, 0xff, 0xff, 0xf3,
    0xa, 0xff, 0xff, 0xb3, 0xff, 0xff, 0xff, 0x18,
    0xff, 0xff, 0xfc, 0xe, 0xff, 0xff, 0x70, 0xdf,
    0xff, 0xf7, 0x3f, 0xff, 0xff, 0xf1, 0x8f, 0xff,
    0xff, 0xd0, 0xaf, 0xff, 0xfa, 0xf, 0xff, 0xff,
    0x33, 0xff, 0xff, 0xff, 0x18, 0xff, 0xff, 0xfd,
    0x6, 0xff, 0xff, 0xd3, 0xff, 0xff, 0xf0, 0x4f,
    0xff, 0xff, 0xf1, 0x8f, 0xff, 0xff, 0xd0, 0x2f,
    0xff, 0xff, 0x7f, 0xff, 0xfb, 0x4, 0xff, 0xff,
    0xff, 0x18, 0xff, 0xff, 0xfe, 0x0, 0xdf, 0xff,
    0xfc, 0xff, 0xff, 0x60, 0x4f, 0xff, 0xff, 0xf1,
    0x8f, 0xff, 0xff, 0xe0, 0x8, 0xff, 0xff, 0xff,
    0xff, 0xf2, 0x4, 0xff, 0xff, 0xff, 0x18, 0xff,
    0xff, 0xfe, 0x0, 0x3f, 0xff, 0xff, 0xff, 0xfd,
    0x0, 0x4f, 0xff, 0xff, 0xf1, 0x8f, 0xff, 0xff,
    0xe0, 0x0, 0xef, 0xff, 0xff, 0xff, 0x80, 0x4,
    0xff, 0xff, 0xff, 0x18, 0xff, 0xff, 0xfe, 0x0,
    0xa, 0xff, 0xff, 0xff, 0xf3, 0x0, 0x4f, 0xff,
    0xff, 0xf1, 0x8f, 0xff, 0xff, 0xe0, 0x0, 0x5f,
    0xff, 0xff, 0xff, 0x0, 0x4, 0xff, 0xff, 0xff,
    0x18, 0xff, 0xff, 0xfe, 0x0, 0x1, 0xff, 0xff,
    0xff, 0xa0, 0x0, 0x4f, 0xff, 0xff, 0xf1, 0x8f,
    0xff, 0xff, 0xe0, 0x0, 0xc, 0xff, 0xff, 0xf5,
    0x0, 0x4, 0xff, 0xff, 0xff, 0x18, 0xff, 0xff,
    0xfe, 0x0, 0x0, 0x7f, 0xff, 0xff, 0x10, 0x0,
    0x4f, 0xff, 0xff, 0xf1,

    0x8f, 0xff, 0xff, 0xfa, 0x0, 0x0, 0x0, 0x6,
    0xff, 0xff, 0xff, 0x28, 0xff, 0xff, 0xff, 0xf4,
    0x0, 0x0, 0x0, 0x6f, 0xff, 0xff, 0xf2, 0x8f,
    0xff, 0xff, 0xff, 0xd0, 0x0, 0x0, 0x6, 0xff,
    0xff, 0xff, 0x28, 0xff, 0xff, 0xff, 0xff, 0x60,
    0x0, 0x0, 0x6f, 0xff, 0xff, 0xf2, 0x8f, 0xff,
    0xff, 0xff, 0xfe, 0x10, 0x0, 0x6, 0xff, 0xff,
    0xff, 0x28, 0xff, 0xff, 0xff, 0xff, 0xf9, 0x0,
    0x0, 0x6f, 0xff, 0xff, 0xf2, 0x8f, 0xff, 0xff,
    0xff, 0xff, 0xf3, 0x0, 0x6, 0xff, 0xff, 0xff,
    0x28, 0xff, 0xff, 0xff, 0xff, 0xff, 0xc0, 0x0,
    0x6f, 0xff, 0xff, 0xf2, 0x8f, 0xff, 0xff, 0xef,
    0xff, 0xff, 0x60, 0x5, 0xff, 0xff, 0xff, 0x28,
    0xff, 0xff, 0xfb, 0xdf, 0xff, 0xfe, 0x0, 0x5f,
    0xff, 0xff, 0xf2, 0x8f, 0xff, 0xff, 0xc6, 0xff,
    0xff, 0xf7, 0x5, 0xff, 0xff, 0xff, 0x28, 0xff,
    0xff, 0xfd, 0xe, 0xff, 0xff, 0xf1, 0x4f, 0xff,
    0xff, 0xf2, 0x8f, 0xff, 0xff, 0xe0, 0x6f, 0xff,
    0xff, 0x83, 0xff, 0xff, 0xff, 0x28, 0xff, 0xff,
    0xff, 0x0, 0xdf, 0xff, 0xff, 0x3f, 0xff, 0xff,
    0xf2, 0x8f, 0xff, 0xff, 0xf0, 0x5, 0xff, 0xff,
    0xf8, 0xff, 0xff, 0xff, 0x28, 0xff, 0xff, 0xff,
    0x0, 0xc, 0xff, 0xff, 0xdf, 0xff, 0xff, 0xf2,
    0x8f, 0xff, 0xff, 0xf0, 0x0, 0x3f, 0xff, 0xff,
    0xff, 0xff, 0xff, 0x28, 0xff, 0xff, 0xff, 0x0,
    0x0, 0x9f, 0xff, 0xff, 0xff, 0xff, 0xf2, 0x8f,
    0xff, 0xff, 0xf0, 0x0, 0x1, 0xef, 0xff, 0xff,
    0xff, 0xff, 0x28, 0xff, 0xff, 0xff, 0x0, 0x0,
    0x6, 0xff, 0xff, 0xff, 0xff, 0xf2, 0x8f, 0xff,
    0xff, 0xf0, 0x0, 0x0, 0xc, 0xff, 0xff, 0xff,
    0xff, 0x28, 0xff, 0xff, 0xff, 0x0, 0x0, 0x0,
    0x3f, 0xff, 0xff, 0xff, 0xf2, 0x8f, 0xff, 0xff,
    0xf0, 0x0, 0x0, 0x0, 0xaf, 0xff, 0xff, 0xff,
    0x28, 0xff, 0xff, 0xff, 0x0, 0x0, 0x0, 0x1,
    0xff, 0xff, 0xff, 0xf2,

    0x0, 0x0, 0x0, 0x6, 0xad, 0xff, 0xfd, 0x95,
    0x0, 0x0, 0x0, 0x0, 0x0, 0x0, 0x8f, 0xff,
    0xff, 0xff, 0xff, 0xfe, 0x60, 0x0, 0x0, 0x0,
    0x2, 0xdf, 0xff, 0xff, 0xff, 0xff, 0xff, 0xff,
    0xb0, 0x0, 0x0, 0x1, 0xef, 0xff, 0xff, 0xff,
    0xff, 0xff, 0xff, 0xff, 0xc0, 0x0, 0x0, 0xcf,
    0xff, 0xff, 0xff, 0xff, 0xff, 0xff, 0xff, 0xff,
    0x90, 0x0, 0x6f, 0xff, 0xff, 0xff, 0xfb, 0xab,
    0xff, 0xff, 0xff, 0xff, 0x30, 0xe, 0xff, 0xff,
    0xff, 0x90, 0x0, 0x1, 0xbf, 0xff, 0xff, 0xfb,
    0x4, 0xff, 0xff, 0xff, 0xb0, 0x0, 0x0, 0x0,
    0xdf, 0xff, 0xff, 0xf1, 0x8f, 0xff, 0xff, 0xf2,
    0x0, 0x0, 0x0, 0x5, 0xff, 0xff, 0xff, 0x5b,
    0xff, 0xff, 0xfd, 0x0, 0x0, 0x0, 0x0, 0xf,
    0xff, 0xff, 0xf8, 0xdf, 0xff, 0xff, 0xb0, 0x0,
    0x0, 0x0, 0x0, 0xef, 0xff, 0xff, 0xae, 0xff,
    0xff, 0xf9, 0x0, 0x0, 0x0, 0x0, 0xc, 0xff,
    0xff, 0xfb, 0xef, 0xff, 0xff, 0x90, 0x0, 0x0,
    0x0, 0x0, 0xcf, 0xff, 0xff, 0xbd, 0xff, 0xff,
    0xfa, 0x0, 0x0, 0x0, 0x0, 0xe, 0xff, 0xff,
    0xfa, 0xbf, 0xff, 0xff, 0xd0, 0x0, 0x0, 0x0,
    0x0, 0xff, 0xff, 0xff, 0x88, 0xff, 0xff, 0xff,
    0x20, 0x0, 0x0, 0x0, 0x5f, 0xff, 0xff, 0xf5,
    0x4f, 0xff, 0xff, 0xfa, 0x0, 0x0, 0x0, 0xd,
    0xff, 0xff, 0xff, 0x10, 0xef, 0xff, 0xff, 0xf9,
    0x0, 0x0, 0x1b, 0xff, 0xff, 0xff, 0xb0, 0x6,
    0xff, 0xff, 0xff, 0xfe, 0xa9, 0xbf, 0xff, 0xff,
    0xff, 0xf3, 0x0, 0xc, 0xff, 0xff, 0xff, 0xff,
    0xff, 0xff, 0xff, 0xff, 0xf9, 0x0, 0x0, 0x1e,
    0xff, 0xff, 0xff, 0xff, 0xff, 0xff, 0xff, 0xfc,
    0x0, 0x0, 0x0, 0x2d, 0xff, 0xff, 0xff, 0xff,
    0xff, 0xff, 0xfb, 0x0, 0x0, 0x0, 0x0, 0x8,
    0xff, 0xff, 0xff, 0xff, 0xff, 0xe6, 0x0, 0x0,
    0x0, 0x0, 0x0, 0x0, 0x6a, 0xdf, 0xff, 0xd9,
    0x50, 0x0, 0x0, 0x0,

    0x8f, 0xff, 0xff, 0xff, 0xff, 0xff, 0xc9, 0x30,
    0x0, 0x0, 0x8f, 0xff, 0xff, 0xff, 0xff, 0xff,
    0xff, 0xf9, 0x0, 0x0, 0x8f, 0xff, 0xff, 0xff,
    0xff, 0xff, 0xff, 0xff, 0xd0, 0x0, 0x8f, 0xff,
    0xff, 0xff, 0xff, 0xff, 0xff, 0xff, 0xfa, 0x0,
    0x8f, 0xff, 0xff, 0xff, 0xff, 0xff, 0xff, 0xff,
    0xff, 0x40, 0x8f, 0xff, 0xff, 0xd2, 0x23, 0x6e,
    0xff, 0xff, 0xff, 0xb0, 0x8f, 0xff, 0xff, 0xd0,
    0x0, 0x1, 0xff, 0xff, 0xff, 0xf0, 0x8f, 0xff,
    0xff, 0xd0, 0x0, 0x0, 0x9f, 0xff, 0xff, 0xf1,
    0x8f, 0xff, 0xff, 0xd0, 0x0, 0x0, 0x7f, 0xff,
    0xff, 0xf2, 0x8f, 0xff, 0xff, 0xd0, 0x0, 0x0,
    0x9f, 0xff, 0xff, 0xf2, 0x8f, 0xff, 0xff, 0xd0,
    0x0, 0x1, 0xef, 0xff, 0xff, 0xf0, 0x8f, 0xff,
    0xff, 0xd0, 0x1, 0x4d, 0xff, 0xff, 0xff, 0xb0,
    0x8f, 0xff, 0xff, 0xff, 0xff, 0xff, 0xff, 0xff,
    0xff, 0x50, 0x8f, 0xff, 0xff, 0xff, 0xff, 0xff,
    0xff, 0xff, 0xfb, 0x0, 0x8f, 0xff, 0xff, 0xff,
    0xff, 0xff, 0xff, 0xff, 0xd0, 0x0, 0x8f, 0xff,
    0xff, 0xff, 0xff, 0xff, 0xff, 0xf9, 0x0, 0x0,
    0x8f, 0xff, 0xff, 0xff, 0xff, 0xfe, 0xc8, 0x20,
    0x0, 0x0, 0x8f, 0xff, 0xff, 0xd0, 0x0, 0x0,
    0x0, 0x0, 0x0, 0x0, 0x8f, 0xff, 0xff, 0xd0,
    0x0, 0x0, 0x0, 0x0, 0x0, 0x0, 0x8f, 0xff,
    0xff, 0xd0, 0x0, 0x0, 0x0, 0x0, 0x0, 0x0,
    0x8f, 0xff, 0xff, 0xd0, 0x0, 0x0, 0x0, 0x0,
    0x0, 0x0, 0x8f, 0xff, 0xff, 0xd0, 0x0, 0x0,
    0x0, 0x0, 0x0, 0x0, 0x8f, 0xff, 0xff, 0xd0,
    0x0, 0x0, 0x0, 0x0, 0x0, 0x0, 0x8f, 0xff,
    0xff, 0xd0, 0x0, 0x0, 0x0, 0x0, 0x0, 0x0,

    0x0, 0x0, 0x0, 0x6, 0xad, 0xff, 0xfd, 0x95,
    0x0, 0x0, 0x0, 0x0, 0x0, 0x0, 0x8, 0xff,
    0xff, 0xff, 0xff, 0xff, 0xe6, 0x0, 0x0, 0x0,
    0x0, 0x2, 0xdf, 0xff, 0xff, 0xff, 0xff, 0xff,
    0xff, 0xb0, 0x0, 0x0, 0x0, 0x1e, 0xff, 0xff,
    0xff, 0xff, 0xff, 0xff, 0xff, 0xfc, 0x0, 0x0,
    0x0, 0xcf, 0xff, 0xff, 0xff, 0xff, 0xff, 0xff,
    0xff, 0xff, 0x90, 0x0, 0x6, 0xff, 0xff, 0xff,
    0xff, 0xba, 0xbf, 0xff, 0xff, 0xff, 0xf3, 0x0,
    0xe, 0xff, 0xff, 0xff, 0x90, 0x0, 0x1, 0xbf,
    0xff, 0xff, 0xfb, 0x0, 0x4f, 0xff, 0xff, 0xfb,
    0x0, 0x0, 0x0, 0xd, 0xff, 0xff, 0xff, 0x10,
    0x8f, 0xff, 0xff, 0xf2, 0x0, 0x0, 0x0, 0x5,
    0xff, 0xff, 0xff, 0x50, 0xbf, 0xff, 0xff, 0xd0,
    0x0, 0x0, 0x0, 0x0, 0xff, 0xff, 0xff, 0x80,
    0xdf, 0xff, 0xff, 0xb0, 0x0, 0x0, 0x0, 0x0,
    0xef, 0xff, 0xff, 0xa0, 0xef, 0xff, 0xff, 0x90,
    0x0, 0x0, 0x0, 0x0, 0xcf, 0xff, 0xff, 0xb0,
    0xef, 0xff, 0xff, 0x90, 0x0, 0x0, 0x0, 0x0,
    0xcf, 0xff, 0xff, 0xa0, 0xdf, 0xff, 0xff, 0xa0,
    0x0, 0x0, 0x0, 0x0, 0xef, 0xff, 0xff, 0x90,
    0xbf, 0xff, 0xff, 0xd0, 0x0, 0x0, 0x0, 0x0,
    0xff, 0xff, 0xff, 0x80, 0x8f, 0xff, 0xff, 0xf2,
    0x2, 0xff, 0xff, 0xc6, 0xff, 0xff, 0xff, 0x40,
    0x4f, 0xff, 0xff, 0xfa, 0x0, 0x5f, 0xff, 0xff,
    0xff, 0xff, 0xff, 0x0, 0xe, 0xff, 0xff, 0xff,
    0x90, 0x9, 0xff, 0xff, 0xff, 0xff, 0xfa, 0x0,
    0x6, 0xff, 0xff, 0xff, 0xfe, 0xaa, 0xff, 0xff,
    0xff, 0xff, 0xf2, 0x0, 0x0, 0xcf, 0xff, 0xff,
    0xff, 0xff, 0xff, 0xff, 0xff, 0xff, 0x80, 0x0,
    0x0, 0x1e, 0xff, 0xff, 0xff, 0xff, 0xff, 0xff,
    0xff, 0xfc, 0x0, 0x0, 0x0, 0x2, 0xdf, 0xff,
    0xff, 0xff, 0xff, 0xff, 0xff, 0xfd, 0x0, 0x0,
    0x0, 0x0, 0x8, 0xff, 0xff, 0xff, 0xff, 0xff,
    0xff, 0xff, 0xa0, 0x0, 0x0, 0x0, 0x0, 0x6,
    0xad, 0xff, 0xed, 0x96, 0xff, 0xff, 0xf7, 0x0,
    0x0, 0x0, 0x0, 0x0, 0x0, 0x0, 0x0, 0x0,
    0x5f, 0xff, 0xff, 0x40, 0x0, 0x0, 0x0, 0x0,
    0x0, 0x0, 0x0, 0x0, 0x5, 0x88, 0x88, 0x70,

    0x8f, 0xff, 0xff, 0xff, 0xff, 0xfe, 0xc9, 0x30,
    0x0, 0x0, 0x8f, 0xff, 0xff, 0xff, 0xff, 0xff,
    0xff, 0xfb, 0x10, 0x0, 0x8f, 0xff, 0xff, 0xff,
    0xff, 0xff, 0xff, 0xff, 0xe2, 0x0, 0x8f, 0xff,
    0xff, 0xff, 0xff, 0xff, 0xff, 0xff, 0xfd, 0x0,
    0x8f, 0xff, 0xff, 0xff, 0xff, 0xff, 0xff, 0xff,
    0xff, 0x70, 0x8f, 0xff, 0xff, 0xd2, 0x23, 0x5c,
    0xff, 0xff, 0xff, 0xd0, 0x8f, 0xff, 0xff, 0xd0,
    0x0, 0x0, 0xdf, 0xff, 0xff, 0xf0, 0x8f, 0xff,
    0xff, 0xd0, 0x0, 0x0, 0x8f, 0xff, 0xff, 0xf2,
    0x8f, 0xff, 0xff, 0xd0, 0x0, 0x0, 0x7f, 0xff,
    0xff, 0xf2, 0x8f, 0xff, 0xff, 0xd0, 0x0, 0x0,
    0xbf, 0xff, 0xff, 0xf1, 0x8f, 0xff, 0xff, 0xd0,
    0x0, 0x3a, 0xff, 0xff, 0xff, 0xe0, 0x8f, 0xff,
    0xff, 0xff, 0xff, 0xff, 0xff, 0xff, 0xff, 0x80,
    0x8f, 0xff, 0xff, 0xff, 0xff, 0xff, 0xff, 0xff,
    0xfe, 0x10, 0x8f, 0xff, 0xff, 0xff, 0xff, 0xff,
    0xff, 0xff, 0xf3, 0x0, 0x8f, 0xff, 0xff, 0xff,
    0xff, 0xff, 0xff, 0xfc, 0x20, 0x0, 0x8f, 0xff,
    0xff, 0xff, 0xff, 0xff, 0xff, 0xf7, 0x0, 0x0,
    0x8f, 0xff, 0xff, 0xd0, 0xb, 0xff, 0xff, 0xff,
    0x10, 0x0, 0x8f, 0xff, 0xff, 0xd0, 0x3, 0xff,
    0xff, 0xff, 0x80, 0x0, 0x8f, 0xff, 0xff, 0xd0,
    0x0, 0xbf, 0xff, 0xff, 0xf1, 0x0, 0x8f, 0xff,
    0xff, 0xd0, 0x0, 0x3f, 0xff, 0xff, 0xf9, 0x0,
    0x8f, 0xff, 0xff, 0xd0, 0x0, 0xb, 0xff, 0xff,
    0xff, 0x20, 0x8f, 0xff, 0xff, 0xd0, 0x0, 0x3,
    0xff, 0xff, 0xff, 0xa0, 0x8f, 0xff, 0xff, 0xd0,
    0x0, 0x0, 0xaf, 0xff, 0xff, 0xf2, 0x8f, 0xff,
    0xff, 0xd0, 0x0, 0x0, 0x2f, 0xff, 0xff, 0xfb,

    0x0, 0x0, 0x0, 0x38, 0xcd, 0xff, 0xdb, 0x72,
    0x0, 0x0, 0x0, 0x0, 0x2, 0xcf, 0xff, 0xff,
    0xff, 0xff, 0xf9, 0x0, 0x0, 0x0, 0x5, 0xff,
    0xff, 0xff, 0xff, 0xff, 0xff, 0xfd, 0x10, 0x0,
    0x4, 0xff, 0xff, 0xff, 0xff, 0xff, 0xff, 0xff,
    0xfc, 0x0, 0x0, 0xdf, 0xff, 0xff, 0xff, 0xff,
    0xff, 0xff, 0xff, 0xf6, 0x0, 0x3f, 0xff, 0xff,
    0xfe, 0x75, 0x59, 0xff, 0xff, 0xff, 0xc0, 0x6,
    0xff, 0xff, 0xff, 0x40, 0x0, 0x6, 0xff, 0xff,
    0xff, 0x0, 0x7f, 0xff, 0xff, 0xf3, 0x0, 0x0,
    0xa, 0xbb, 0xbb, 0xb0, 0x6, 0xff, 0xff, 0xff,
    0xd4, 0x0, 0x0, 0x0, 0x0, 0x0, 0x0, 0x2f,
    0xff, 0xff, 0xff, 0xfe, 0xa6, 0x30, 0x0, 0x0,
    0x0, 0x0, 0xbf, 0xff, 0xff, 0xff, 0xff, 0xff,
    0xe9, 0x20, 0x0, 0x0, 0x1, 0xdf, 0xff, 0xff,
    0xff, 0xff, 0xff, 0xff, 0x90, 0x0, 0x0, 0x1,
    0x9f, 0xff, 0xff, 0xff, 0xff, 0xff, 0xff, 0xc0,
    0x0, 0x0, 0x0, 0x28, 0xdf, 0xff, 0xff, 0xff,
    0xff, 0xff, 0x80, 0x0, 0x0, 0x0, 0x0, 0x14,
    0x8c, 0xff, 0xff, 0xff, 0xff, 0x0, 0x88, 0x88,
    0x88, 0x0, 0x0, 0x1, 0xbf, 0xff, 0xff, 0xf4,
    0xf, 0xff, 0xff, 0xf2, 0x0, 0x0, 0x1, 0xff,
    0xff, 0xff, 0x50, 0xef, 0xff, 0xff, 0xb0, 0x0,
    0x0, 0x4f, 0xff, 0xff, 0xf5, 0xa, 0xff, 0xff,
    0xff, 0xd7, 0x55, 0x8f, 0xff, 0xff, 0xff, 0x30,
    0x4f, 0xff, 0xff, 0xff, 0xff, 0xff, 0xff, 0xff,
    0xff, 0xe0, 0x0, 0xaf, 0xff, 0xff, 0xff, 0xff,
    0xff, 0xff, 0xff, 0xf6, 0x0, 0x0, 0xbf, 0xff,
    0xff, 0xff, 0xff, 0xff, 0xff, 0xf9, 0x0, 0x0,
    0x0, 0x6e, 0xff, 0xff, 0xff, 0xff, 0xff, 0xe6,
    0x0, 0x0, 0x0, 0x0, 0x5, 0x9c, 0xef, 0xfe,
    0xc9, 0x50, 0x0, 0x0,

    0x2f, 0xff, 0xff, 0xff, 0xff, 0xff, 0xff, 0xff,
    0xff, 0xff, 0xf1, 0x2f, 0xff, 0xff, 0xff, 0xff,
    0xff, 0xff, 0xff, 0xff, 0xff, 0xf1, 0x2f, 0xff,
    0xff, 0xff, 0xff, 0xff, 0xff, 0xff, 0xff, 0xff,
    0xf1, 0x2f, 0xff, 0xff, 0xff, 0xff, 0xff, 0xff,
    0xff, 0xff, 0xff, 0xf1, 0x2f, 0xff, 0xff, 0xff,
    0xff, 0xff, 0xff, 0xff, 0xff, 0xff, 0xf1, 0x2,
    0x22, 0x22, 0x25, 0xff, 0xff, 0xff, 0x42, 0x22,
    0x22, 0x20, 0x0, 0x0, 0x0, 0x2, 0xff, 0xff,
    0xff, 0x20, 0x0, 0x0, 0x0, 0x0, 0x0, 0x0,
    0x2, 0xff, 0xff, 0xff, 0x20, 0x0, 0x0, 0x0,
    0x0, 0x0, 0x0, 0x2, 0xff, 0xff, 0xff, 0x20,
    0x0, 0x0, 0x0, 0x0, 0x0, 0x0, 0x2, 0xff,
    0xff, 0xff, 0x20, 0x0, 0x0, 0x0, 0x0, 0x0,
    0x0, 0x2, 0xff, 0xff, 0xff, 0x20, 0x0, 0x0,
    0x0, 0x0, 0x0, 0x0, 0x2, 0xff, 0xff, 0xff,
    0x20, 0x0, 0x0, 0x0, 0x0, 0x0, 0x0, 0x2,
    0xff, 0xff, 0xff, 0x20, 0x0, 0x0, 0x0, 0x0,
    0x0, 0x0, 0x2, 0xff, 0xff, 0xff, 0x20, 0x0,
    0x0, 0x0, 0x0, 0x0, 0x0, 0x2, 0xff, 0xff,
    0xff, 0x20, 0x0, 0x0, 0x0, 0x0, 0x0, 0x0,
    0x2, 0xff, 0xff, 0xff, 0x20, 0x0, 0x0, 0x0,
    0x0, 0x0, 0x0, 0x2, 0xff, 0xff, 0xff, 0x20,
    0x0, 0x0, 0x0, 0x0, 0x0, 0x0, 0x2, 0xff,
    0xff, 0xff, 0x20, 0x0, 0x0, 0x0, 0x0, 0x0,
    0x0, 0x2, 0xff, 0xff, 0xff, 0x20, 0x0, 0x0,
    0x0, 0x0, 0x0, 0x0, 0x2, 0xff, 0xff, 0xff,
    0x20, 0x0, 0x0, 0x0, 0x0, 0x0, 0x0, 0x2,
    0xff, 0xff, 0xff, 0x20, 0x0, 0x0, 0x0, 0x0,
    0x0, 0x0, 0x2, 0xff, 0xff, 0xff, 0x20, 0x0,
    0x0, 0x0, 0x0, 0x0, 0x0, 0x2, 0xff, 0xff,
    0xff, 0x20, 0x0, 0x0, 0x0, 0x0, 0x0, 0x0,
    0x2, 0xff, 0xff, 0xff, 0x20, 0x0, 0x0, 0x0,

    0x8f, 0xff, 0xff, 0xd0, 0x0, 0x0, 0x0, 0xbf,
    0xff, 0xff, 0x98, 0xff, 0xff, 0xfd, 0x0, 0x0,
    0x0, 0xb, 0xff, 0xff, 0xf9, 0x8f, 0xff, 0xff,
    0xd0, 0x0, 0x0, 0x0, 0xbf, 0xff, 0xff, 0x98,
    0xff, 0xff, 0xfd, 0x0, 0x0, 0x0, 0xb, 0xff,
    0xff, 0xf9, 0x8f, 0xff, 0xff, 0xd0, 0x0, 0x0,
    0x0, 0xbf, 0xff, 0xff, 0x98, 0xff, 0xff, 0xfd,
    0x0, 0x0, 0x0, 0xb, 0xff, 0xff, 0xf9, 0x8f,
    0xff, 0xff, 0xd0, 0x0, 0x0, 0x0, 0xbf, 0xff,
    0xff, 0x98, 0xff, 0xff, 0xfd, 0x0, 0x0, 0x0,
    0xb, 0xff, 0xff, 0xf9, 0x8f, 0xff, 0xff, 0xd0,
    0x0, 0x0, 0x0, 0xbf, 0xff, 0xff, 0x98, 0xff,
    0xff, 0xfd, 0x0, 0x0, 0x0, 0xb, 0xff, 0xff,
    0xf9, 0x8f, 0xff, 0xff, 0xd0, 0x0, 0x0, 0x0,
    0xbf, 0xff, 0xff, 0x98, 0xff, 0xff, 0xfd, 0x0,
    0x0, 0x0, 0xb, 0xff, 0xff, 0xf9, 0x8f, 0xff,
    0xff, 0xd0, 0x0, 0x0, 0x0, 0xbf, 0xff, 0xff,
    0x98, 0xff, 0xff, 0xfd, 0x0, 0x0, 0x0, 0xb,
    0xff, 0xff, 0xf9, 0x8f, 0xff, 0xff, 0xd0, 0x0,
    0x0, 0x0, 0xbf, 0xff, 0xff, 0x97, 0xff, 0xff,
    0xfe, 0x0, 0x0, 0x0, 0xd, 0xff, 0xff, 0xf9,
    0x6f, 0xff, 0xff, 0xf4, 0x0, 0x0, 0x2, 0xff,
    0xff, 0xff, 0x73, 0xff, 0xff, 0xff, 0xe2, 0x0,
    0x2, 0xdf, 0xff, 0xff, 0xf4, 0xe, 0xff, 0xff,
    0xff, 0xfb, 0x9b, 0xff, 0xff, 0xff, 0xff, 0x0,
    0x7f, 0xff, 0xff, 0xff, 0xff, 0xff, 0xff, 0xff,
    0xff, 0x80, 0x0, 0xbf, 0xff, 0xff, 0xff, 0xff,
    0xff, 0xff, 0xff, 0xc0, 0x0, 0x0, 0xcf, 0xff,
    0xff, 0xff, 0xff, 0xff, 0xff, 0xc1, 0x0, 0x0,
    0x0, 0x7f, 0xff, 0xff, 0xff, 0xff, 0xff, 0x70,
    0x0, 0x0, 0x0, 0x0, 0x16, 0xad, 0xff, 0xfd,
    0xb6, 0x10, 0x0, 0x0,

    0x1f, 0xff, 0xff, 0xff, 0x0, 0x0, 0x0, 0x0,
    0x7, 0xff, 0xff, 0xff, 0x80, 0xcf, 0xff, 0xff,
    0xf4, 0x0, 0x0, 0x0, 0x0, 0xcf, 0xff, 0xff,
    0xf3, 0x7, 0xff, 0xff, 0xff, 0x90, 0x0, 0x0,
    0x0, 0xf, 0xff, 0xff, 0xfe, 0x0, 0x2f, 0xff,
    0xff, 0xfe, 0x0, 0x0, 0x0, 0x5, 0xff, 0xff,
    0xff, 0x90, 0x0, 0xdf, 0xff, 0xff, 0xf2, 0x0,
    0x0, 0x0, 0x9f, 0xff, 0xff, 0xf4, 0x0, 0x7,
    0xff, 0xff, 0xff, 0x70, 0x0, 0x0, 0xd, 0xff,
    0xff, 0xff, 0x0, 0x0, 0x2f, 0xff, 0xff, 0xfc,
    0x0, 0x0, 0x2, 0xff, 0xff, 0xff, 0xa0, 0x0,
    0x0, 0xdf, 0xff, 0xff, 0xf1, 0x0, 0x0, 0x6f,
    0xff, 0xff, 0xf5, 0x0, 0x0, 0x8, 0xff, 0xff,
    0xff, 0x50, 0x0, 0xb, 0xff, 0xff, 0xff, 0x0,
    0x0, 0x0, 0x3f, 0xff, 0xff, 0xfa, 0x0, 0x0,
    0xff, 0xff, 0xff, 0xb0, 0x0, 0x0, 0x0, 0xdf,
    0xff, 0xff, 0xe0, 0x0, 0x3f, 0xff, 0xff, 0xf6,
    0x0, 0x0, 0x0, 0x8, 0xff, 0xff, 0xff, 0x20,
    0x7, 0xff, 0xff, 0xff, 0x10, 0x0, 0x0, 0x0,
    0x3f, 0xff, 0xff, 0xf6, 0x0, 0xbf, 0xff, 0xff,
    0xc0, 0x0, 0x0, 0x0, 0x0, 0xef, 0xff, 0xff,
    0xb0, 0xf, 0xff, 0xff, 0xf7, 0x0, 0x0, 0x0,
    0x0, 0x9, 0xff, 0xff, 0xff, 0x3, 0xff, 0xff,
    0xff, 0x20, 0x0, 0x0, 0x0, 0x0, 0x3f, 0xff,
    0xff, 0xf2, 0x7f, 0xff, 0xff, 0xd0, 0x0, 0x0,
    0x0, 0x0, 0x0, 0xef, 0xff, 0xff, 0x6a, 0xff,
    0xff, 0xf8, 0x0, 0x0, 0x0, 0x0, 0x0, 0x9,
    0xff, 0xff, 0xfa, 0xef, 0xff, 0xff, 0x30, 0x0,
    0x0, 0x0, 0x0, 0x0, 0x4f, 0xff, 0xff, 0xff,
    0xff, 0xff, 0xe0, 0x0, 0x0, 0x0, 0x0, 0x0,
    0x0, 0xef, 0xff, 0xff, 0xff, 0xff, 0xf9, 0x0,
    0x0, 0x0, 0x0, 0x0, 0x0, 0x9, 0xff, 0xff,
    0xff, 0xff, 0xff, 0x40, 0x0, 0x0, 0x0, 0x0,
    0x0, 0x0, 0x4f, 0xff, 0xff, 0xff, 0xff, 0xe0,
    0x0, 0x0, 0x0, 0x0, 0x0, 0x0, 0x0, 0xef,
    0xff, 0xff, 0xff, 0xfa, 0x0, 0x0, 0x0, 0x0,
    0x0, 0x0, 0x0, 0xa, 0xff, 0xff, 0xff, 0xff,
    0x50, 0x0, 0x0, 0x0,

    0x2f, 0xff, 0xff, 0xfe, 0x0, 0x0, 0x0, 0xff,
    0xff, 0xff, 0x90, 0x0, 0x0, 0x4f, 0xff, 0xff,
    0xfc, 0xe, 0xff, 0xff, 0xff, 0x10, 0x0, 0x2,
    0xff, 0xff, 0xff, 0xc0, 0x0, 0x0, 0x7f, 0xff,
    0xff, 0xf8, 0xa, 0xff, 0xff, 0xff, 0x40, 0x0,
    0x6, 0xff, 0xff, 0xff, 0xf0, 0x0, 0x0, 0xaf,
    0xff, 0xff, 0xf4, 0x6, 0xff, 0xff, 0xff, 0x70,
    0x0, 0x9, 0xff, 0xff, 0xff, 0xf3, 0x0, 0x0,
    0xdf, 0xff, 0xff, 0xf0, 0x1, 0xff, 0xff, 0xff,
    0xa0, 0x0, 0xd, 0xff, 0xff, 0xff, 0xf7, 0x0,
    0x1, 0xff, 0xff, 0xff, 0xb0, 0x0, 0xdf, 0xff,
    0xff, 0xe0, 0x0, 0x1f, 0xff, 0xff, 0xff, 0xfa,
    0x0, 0x4, 0xff, 0xff, 0xff, 0x70, 0x0, 0x9f,
    0xff, 0xff, 0xf1, 0x0, 0x4f, 0xff, 0xff, 0xff,
    0xfe, 0x0, 0x7, 0xff, 0xff, 0xff, 0x30, 0x0,
    0x5f, 0xff, 0xff, 0xf4, 0x0, 0x8f, 0xff, 0xff,
    0xff, 0xff, 0x20, 0xa, 0xff, 0xff, 0xff, 0x0,
    0x0, 0x1f, 0xff, 0xff, 0xf7, 0x0, 0xbf, 0xff,
    0xff, 0xff, 0xff, 0x50, 0xd, 0xff, 0xff, 0xfb,
    0x0, 0x0, 0xd, 0xff, 0xff, 0xfa, 0x0, 0xff,
    0xff, 0xfb, 0xff, 0xff, 0x90, 0x1f, 0xff, 0xff,
    0xf7, 0x0, 0x0, 0x9, 0xff, 0xff, 0xfd, 0x2,
    0xff, 0xff, 0xf6, 0xff, 0xff, 0xc0, 0x4f, 0xff,
    0xff, 0xf3, 0x0, 0x0, 0x5, 0xff, 0xff, 0xff,
    0x5, 0xff, 0xff, 0xd3, 0xff, 0xff, 0xf0, 0x6f,
    0xff, 0xff, 0xe0, 0x0, 0x0, 0x1, 0xff, 0xff,
    0xff, 0x28, 0xff, 0xff, 0xa0, 0xff, 0xff, 0xf1,
    0x9f, 0xff, 0xff, 0xb0, 0x0, 0x0, 0x0, 0xdf,
    0xff, 0xff, 0x5a, 0xff, 0xff, 0x70, 0xdf, 0xff,
    0xf4, 0xbf, 0xff, 0xff, 0x60, 0x0, 0x0, 0x0,
    0x8f, 0xff, 0xff, 0x7d, 0xff, 0xff, 0x40, 0xaf,
    0xff, 0xf6, 0xdf, 0xff, 0xff, 0x20, 0x0, 0x0,
    0x0, 0x4f, 0xff, 0xff, 0x9f, 0xff, 0xff, 0x10,
    0x6f, 0xff, 0xf9, 0xff, 0xff, 0xfe, 0x0, 0x0,
    0x0, 0x0, 0xf, 0xff, 0xff, 0xdf, 0xff, 0xfd,
    0x0, 0x2f, 0xff, 0xfd, 0xff, 0xff, 0xfa, 0x0,
    0x0, 0x0, 0x0, 0xc, 0xff, 0xff, 0xff, 0xff,
    0xf9, 0x0, 0xe, 0xff, 0xff, 0xff, 0xff, 0xf6,
    0x0, 0x0, 0x0, 0x0, 0x8, 0xff, 0xff, 0xff,
    0xff, 0xf5, 0x0, 0xb, 0xff, 0xff, 0xff, 0xff,
    0xf2, 0x0, 0x0, 0x0, 0x0, 0x4, 0xff, 0xff,
    0xff, 0xff, 0xf1, 0x0, 0x7, 0xff, 0xff, 0xff,
    0xff, 0xe0, 0x0, 0x0, 0x0, 0x0, 0x0, 0xff,
    0xff, 0xff, 0xff, 0xd0, 0x0, 0x3, 0xff, 0xff,
    0xff, 0xff, 0xa0, 0x0, 0x0, 0x0, 0x0, 0x0,
    0xcf, 0xff, 0xff, 0xff, 0x90, 0x0, 0x0, 0xff,
    0xff, 0xff, 0xff, 0x60, 0x0, 0x0, 0x0, 0x0,
    0x0, 0x7f, 0xff, 0xff, 0xff, 0x60, 0x0, 0x0,
    0xcf, 0xff, 0xff, 0xff, 0x10, 0x0, 0x0, 0x0,
    0x0, 0x0, 0x3f, 0xff, 0xff, 0xff, 0x20, 0x0,
    0x0, 0x8f, 0xff, 0xff, 0xfd, 0x0, 0x0, 0x0,

    0x1, 0xef, 0xff, 0xff, 0xf4, 0x0, 0x0, 0x0,
    0xdf, 0xff, 0xff, 0xf3, 0x0, 0x6, 0xff, 0xff,
    0xff, 0xd0, 0x0, 0x0, 0x8f, 0xff, 0xff, 0xf9,
    0x0, 0x0, 0xc, 0xff, 0xff, 0xff, 0x70, 0x0,
    0x2f, 0xff, 0xff, 0xfe, 0x0, 0x0, 0x0, 0x2f,
    0xff, 0xff, 0xff, 0x10, 0xb, 0xff, 0xff, 0xff,
    0x50, 0x0, 0x0, 0x0, 0x7f, 0xff, 0xff, 0xf8,
    0x3, 0xff, 0xff, 0xff, 0xa0, 0x0, 0x0, 0x0,
    0x0, 0xdf, 0xff, 0xff, 0xf1, 0xbf, 0xff, 0xff,
    0xf1, 0x0, 0x0, 0x0, 0x0, 0x3, 0xff, 0xff,
    0xff, 0x9f, 0xff, 0xff, 0xf6, 0x0, 0x0, 0x0,
    0x0, 0x0, 0x9, 0xff, 0xff, 0xff, 0xff, 0xff,
    0xfc, 0x0, 0x0, 0x0, 0x0, 0x0, 0x0, 0xe,
    0xff, 0xff, 0xff, 0xff, 0xff, 0x20, 0x0, 0x0,
    0x0, 0x0, 0x0, 0x0, 0x4f, 0xff, 0xff, 0xff,
    0xff, 0x80, 0x0, 0x0, 0x0, 0x0, 0x0, 0x0,
    0x0, 0xaf, 0xff, 0xff, 0xff, 0xd0, 0x0, 0x0,
    0x0, 0x0, 0x0, 0x0, 0x0, 0x1, 0xff, 0xff,
    0xff, 0xf6, 0x0, 0x0, 0x0, 0x0, 0x0, 0x0,
    0x0, 0x0, 0x6f, 0xff, 0xff, 0xff, 0xd0, 0x0,
    0x0, 0x0, 0x0, 0x0, 0x0, 0x0, 0x2f, 0xff,
    0xff, 0xff, 0xff, 0x80, 0x0, 0x0, 0x0, 0x0,
    0x0, 0x0, 0xc, 0xff, 0xff, 0xff, 0xff, 0xff,
    0x20, 0x0, 0x0, 0x0, 0x0, 0x0, 0x7, 0xff,
    0xff, 0xff, 0xff, 0xff, 0xfc, 0x0, 0x0, 0x0,
    0x0, 0x0, 0x2, 0xff, 0xff, 0xff, 0xdf, 0xff,
    0xff, 0xf7, 0x0, 0x0, 0x0, 0x0, 0x0, 0xdf,
    0xff, 0xff, 0xf2, 0xef, 0xff, 0xff, 0xf2, 0x0,
    0x0, 0x0, 0x0, 0x8f, 0xff, 0xff, 0xf8, 0x6,
    0xff, 0xff, 0xff, 0xc0, 0x0, 0x0, 0x0, 0x3f,
    0xff, 0xff, 0xfe, 0x0, 0xd, 0xff, 0xff, 0xff,
    0x70, 0x0, 0x0, 0xd, 0xff, 0xff, 0xff, 0x50,
    0x0, 0x4f, 0xff, 0xff, 0xff, 0x20, 0x0, 0x9,
    0xff, 0xff, 0xff, 0xa0, 0x0, 0x0, 0xaf, 0xff,
    0xff, 0xfc, 0x0, 0x4, 0xff, 0xff, 0xff, 0xe1,
    0x0, 0x0, 0x1, 0xff, 0xff, 0xff, 0xf7, 0x0,
    0xef, 0xff, 0xff, 0xf6, 0x0, 0x0, 0x0, 0x6,
    0xff, 0xff, 0xff, 0xf2,

    0x1e, 0xff, 0xff, 0xff, 0x50, 0x0, 0x0, 0x0,
    0x8f, 0xff, 0xff, 0xfd, 0x0, 0x7f, 0xff, 0xff,
    0xfd, 0x0, 0x0, 0x0, 0xe, 0xff, 0xff, 0xff,
    0x40, 0x0, 0xdf, 0xff, 0xff, 0xf4, 0x0, 0x0,
    0x6, 0xff, 0xff, 0xff, 0xb0, 0x0, 0x5, 0xff,
    0xff, 0xff, 0xc0, 0x0, 0x0, 0xcf, 0xff, 0xff,
    0xf3, 0x0, 0x0, 0xc, 0xff, 0xff, 0xff, 0x30,
    0x0, 0x3f, 0xff, 0xff, 0xfa, 0x0, 0x0, 0x0,
    0x3f, 0xff, 0xff, 0xfb, 0x0, 0xa, 0xff, 0xff,
    0xff, 0x20, 0x0, 0x0, 0x0, 0xaf, 0xff, 0xff,
    0xf2, 0x2, 0xff, 0xff, 0xff, 0x90, 0x0, 0x0,
    0x0, 0x2, 0xff, 0xff, 0xff, 0x90, 0x8f, 0xff,
    0xff, 0xf1, 0x0, 0x0, 0x0, 0x0, 0x9, 0xff,
    0xff, 0xff, 0x1e, 0xff, 0xff, 0xf8, 0x0, 0x0,
    0x0, 0x0, 0x0, 0x1f, 0xff, 0xff, 0xfa, 0xff,
    0xff, 0xfe, 0x0, 0x0, 0x0, 0x0, 0x0, 0x0,
    0x7f, 0xff, 0xff, 0xff, 0xff, 0xff, 0x70, 0x0,
    0x0, 0x0, 0x0, 0x0, 0x0, 0xef, 0xff, 0xff,
    0xff, 0xff, 0xe0, 0x0, 0x0, 0x0, 0x0, 0x0,
    0x0, 0x5, 0xff, 0xff, 0xff, 0xff, 0xf5, 0x0,
    0x0, 0x0, 0x0, 0x0, 0x0, 0x0, 0xc, 0xff,
    0xff, 0xff, 0xfd, 0x0, 0x0, 0x0, 0x0, 0x0,
    0x0, 0x0, 0x0, 0x4f, 0xff, 0xff, 0xff, 0x40,
    0x0, 0x0, 0x0, 0x0, 0x0, 0x0, 0x0, 0x0,
    0xbf, 0xff, 0xff, 0xc0, 0x0, 0x0, 0x0, 0x0,
    0x0, 0x0, 0x0, 0x0, 0x9, 0xff, 0xff, 0xfa,
    0x0, 0x0, 0x0, 0x0, 0x0, 0x0, 0x0, 0x0,
    0x0, 0x9f, 0xff, 0xff, 0xa0, 0x0, 0x0, 0x0,
    0x0, 0x0, 0x0, 0x0, 0x0, 0x9, 0xff, 0xff,
    0xfa, 0x0, 0x0, 0x0, 0x0, 0x0, 0x0, 0x0,
    0x0, 0x0, 0x9f, 0xff, 0xff, 0xa0, 0x0, 0x0,
    0x0, 0x0, 0x0, 0x0, 0x0, 0x0, 0x9, 0xff,
    0xff, 0xfa, 0x0, 0x0, 0x0, 0x0, 0x0, 0x0,
    0x0, 0x0, 0x0, 0x9f, 0xff, 0xff, 0xa0, 0x0,
    0x0, 0x0, 0x0, 0x0, 0x0, 0x0, 0x0, 0x9,
    0xff, 0xff, 0xfa, 0x0, 0x0, 0x0, 0x0, 0x0,
    0x0, 0x0, 0x0, 0x0, 0x9f, 0xff, 0xff, 0xa0,
    0x0, 0x0, 0x0, 0x0,

    0x6f, 0xff, 0xff, 0xff, 0xff, 0xff, 0xff, 0xff,
    0xff, 0xfa, 0x6f, 0xff, 0xff, 0xff, 0xff, 0xff,
    0xff, 0xff, 0xff, 0xfa, 0x6f, 0xff, 0xff, 0xff,
    0xff, 0xff, 0xff, 0xff, 0xff, 0xfa, 0x6f, 0xff,
    0xff, 0xff, 0xff, 0xff, 0xff, 0xff, 0xff, 0xf8,
    0x6f, 0xff, 0xff, 0xff, 0xff, 0xff, 0xff, 0xff,
    0xff, 0xe0, 0x2, 0x22, 0x22, 0x22, 0x22, 0x27,
    0xff, 0xff, 0xff, 0x30, 0x0, 0x0, 0x0, 0x0,
    0x0, 0x3f, 0xff, 0xff, 0xf7, 0x0, 0x0, 0x0,
    0x0, 0x0, 0x1, 0xef, 0xff, 0xff, 0xc0, 0x0,
    0x0, 0x0, 0x0, 0x0, 0xc, 0xff, 0xff, 0xfe,
    0x10, 0x0, 0x0, 0x0, 0x0, 0x0, 0x8f, 0xff,
    0xff, 0xf5, 0x0, 0x0, 0x0, 0x0, 0x0, 0x3,
    0xff, 0xff, 0xff, 0x90, 0x0, 0x0, 0x0, 0x0,
    0x0, 0x1e, 0xff, 0xff, 0xfd, 0x0, 0x0, 0x0,
    0x0, 0x0, 0x0, 0xaf, 0xff, 0xff, 0xf3, 0x0,
    0x0, 0x0, 0x0, 0x0, 0x6, 0xff, 0xff, 0xff,
    0x70, 0x0, 0x0, 0x0, 0x0, 0x0, 0x2f, 0xff,
    0xff, 0xfb, 0x0, 0x0, 0x0, 0x0, 0x0, 0x0,
    0xcf, 0xff, 0xff, 0xe1, 0x0, 0x0, 0x0, 0x0,
    0x0, 0x9, 0xff, 0xff, 0xff, 0x30, 0x0, 0x0,
    0x0, 0x0, 0x0, 0x4f, 0xff, 0xff, 0xf6, 0x0,
    0x0, 0x0, 0x0, 0x0, 0x1, 0xef, 0xff, 0xff,
    0xa2, 0x22, 0x22, 0x22, 0x22, 0x21, 0xb, 0xff,
    0xff, 0xff, 0xff, 0xff, 0xff, 0xff, 0xff, 0xf9,
    0x5f, 0xff, 0xff, 0xff, 0xff, 0xff, 0xff, 0xff,
    0xff, 0xf9, 0x6f, 0xff, 0xff, 0xff, 0xff, 0xff,
    0xff, 0xff, 0xff, 0xf9, 0x6f, 0xff, 0xff, 0xff,
    0xff, 0xff, 0xff, 0xff, 0xff, 0xf9, 0x6f, 0xff,
    0xff, 0xff, 0xff, 0xff, 0xff, 0xff, 0xff, 0xf9,

    0x7a, 0xaa, 0xaa, 0xaa, 0xa0, 0xcf, 0xff, 0xff,
    0xff, 0xf1, 0xcf, 0xff, 0xff, 0xff, 0xf1, 0xcf,
    0xff, 0xff, 0xff, 0xf1, 0xcf, 0xff, 0xff, 0xff,
    0xf1, 0xcf, 0xff, 0xff, 0x50, 0x0, 0xcf, 0xff,
    0xff, 0x50, 0x0, 0xcf, 0xff, 0xff, 0x50, 0x0,
    0xcf, 0xff, 0xff, 0x50, 0x0, 0xcf, 0xff, 0xff,
    0x50, 0x0, 0xcf, 0xff, 0xff, 0x50, 0x0, 0xcf,
    0xff, 0xff, 0x50, 0x0, 0xcf, 0xff, 0xff, 0x50,
    0x0, 0xcf, 0xff, 0xff, 0x50, 0x0, 0xcf, 0xff,
    0xff, 0x50, 0x0, 0xcf, 0xff, 0xff, 0x50, 0x0,
    0xcf, 0xff, 0xff, 0x50, 0x0, 0xcf, 0xff, 0xff,
    0x50, 0x0, 0xcf, 0xff, 0xff, 0x50, 0x0, 0xcf,
    0xff, 0xff, 0x50, 0x0, 0xcf, 0xff, 0xff, 0x50,
    0x0, 0xcf, 0xff, 0xff, 0x50, 0x0, 0xcf, 0xff,
    0xff, 0x50, 0x0, 0xcf, 0xff, 0xff, 0x50, 0x0,
    0xcf, 0xff, 0xff, 0x50, 0x0, 0xcf, 0xff, 0xff,
    0xca, 0xa0, 0xcf, 0xff, 0xff, 0xff, 0xf1, 0xcf,
    0xff, 0xff, 0xff, 0xf1, 0xcf, 0xff, 0xff, 0xff,
    0xf1, 0xcf, 0xff, 0xff, 0xff, 0xf1,

    0x58, 0x88, 0x84, 0x0, 0x0, 0x0, 0x8, 0xff,
    0xff, 0xc0, 0x0, 0x0, 0x0, 0x4f, 0xff, 0xff,
    0x0, 0x0, 0x0, 0x0, 0xff, 0xff, 0xf4, 0x0,
    0x0, 0x0, 0xc, 0xff, 0xff, 0x80, 0x0, 0x0,
    0x0, 0x7f, 0xff, 0xfd, 0x0, 0x0, 0x0, 0x3,
    0xff, 0xff, 0xf1, 0x0, 0x0, 0x0, 0xf, 0xff,
    0xff, 0x50, 0x0, 0x0, 0x0, 0xbf, 0xff, 0xf9,
    0x0, 0x0, 0x0, 0x7, 0xff, 0xff, 0xd0, 0x0,
    0x0, 0x0, 0x2f, 0xff, 0xff, 0x20, 0x0, 0x0,
    0x0, 0xef, 0xff, 0xf6, 0x0, 0x0, 0x0, 0xa,
    0xff, 0xff, 0xa0, 0x0, 0x0, 0x0, 0x6f, 0xff,
    0xfe, 0x0, 0x0, 0x0, 0x2, 0xff, 0xff, 0xf2,
    0x0, 0x0, 0x0, 0xd, 0xff, 0xff, 0x70, 0x0,
    0x0, 0x0, 0x9f, 0xff, 0xfb, 0x0, 0x0, 0x0,
    0x5, 0xff, 0xff, 0xf0, 0x0, 0x0, 0x0, 0x1f,
    0xff, 0xff, 0x30, 0x0, 0x0, 0x0, 0xdf, 0xff,
    0xf7, 0x0, 0x0, 0x0, 0x8, 0xff, 0xff, 0xc0,
    0x0, 0x0, 0x0, 0x4f, 0xff, 0xff, 0x0, 0x0,
    0x0, 0x0, 0xff, 0xff, 0xf4, 0x0, 0x0, 0x0,
    0xc, 0xff, 0xff, 0x80, 0x0, 0x0, 0x0, 0x7f,
    0xff, 0xfd, 0x0, 0x0, 0x0, 0x3, 0xff, 0xff,
    0xf1, 0x0, 0x0, 0x0, 0xf, 0xff, 0xff, 0x50,
    0x0, 0x0, 0x0, 0xbf, 0xff, 0xf9, 0x0, 0x0,
    0x0, 0x7, 0xff, 0xff, 0xd0,

    0x7a, 0xaa, 0xaa, 0xaa, 0xa1, 0xbf, 0xff, 0xff,
    0xff, 0xf2, 0xbf, 0xff, 0xff, 0xff, 0xf2, 0xbf,
    0xff, 0xff, 0xff, 0xf2, 0xbf, 0xff, 0xff, 0xff,
    0xf2, 0x0, 0xf, 0xff, 0xff, 0xf2, 0x0, 0xf,
    0xff, 0xff, 0xf2, 0x0, 0xf, 0xff, 0xff, 0xf2,
    0x0, 0xf, 0xff, 0xff, 0xf2, 0x0, 0xf, 0xff,
    0xff, 0xf2, 0x0, 0xf, 0xff, 0xff, 0xf2, 0x0,
    0xf, 0xff, 0xff, 0xf2, 0x0, 0xf, 0xff, 0xff,
    0xf2, 0x0, 0xf, 0xff, 0xff, 0xf2, 0x0, 0xf,
    0xff, 0xff, 0xf2, 0x0, 0xf, 0xff, 0xff, 0xf2,
    0x0, 0xf, 0xff, 0xff, 0xf2, 0x0, 0xf, 0xff,
    0xff, 0xf2, 0x0, 0xf, 0xff, 0xff, 0xf2, 0x0,
    0xf, 0xff, 0xff, 0xf2, 0x0, 0xf, 0xff, 0xff,
    0xf2, 0x0, 0xf, 0xff, 0xff, 0xf2, 0x0, 0xf,
    0xff, 0xff, 0xf2, 0x0, 0xf, 0xff, 0xff, 0xf2,
    0x0, 0xf, 0xff, 0xff, 0xf2, 0x7a, 0xaf, 0xff,
    0xff, 0xf2, 0xbf, 0xff, 0xff, 0xff, 0xf2, 0xbf,
    0xff, 0xff, 0xff, 0xf2, 0xbf, 0xff, 0xff, 0xff,
    0xf2, 0xbf, 0xff, 0xff, 0xff, 0xf2,

    0x0, 0x0, 0x2, 0x88, 0x88, 0x20, 0x0, 0x0,
    0x0, 0x0, 0xa, 0xff, 0xff, 0xa0, 0x0, 0x0,
    0x0, 0x0, 0x2f, 0xff, 0xff, 0xf2, 0x0, 0x0,
    0x0, 0x0, 0x9f, 0xff, 0xff, 0xf9, 0x0, 0x0,
    0x0, 0x1, 0xff, 0xfe, 0xef, 0xff, 0x10, 0x0,
    0x0, 0x8, 0xff, 0xf7, 0x7f, 0xff, 0x80, 0x0,
    0x0, 0xf, 0xff, 0xf1, 0x1f, 0xff, 0xf0, 0x0,
    0x0, 0x7f, 0xff, 0xa0, 0xa, 0xff, 0xf7, 0x0,
    0x0, 0xef, 0xff, 0x30, 0x3, 0xff, 0xfe, 0x0,
    0x6, 0xff, 0xfd, 0x0, 0x0, 0xdf, 0xff, 0x60,
    0xd, 0xff, 0xf6, 0x0, 0x0, 0x6f, 0xff, 0xd0,

    0x88, 0x88, 0x88, 0x88, 0x88, 0x88, 0x88, 0x86,
    0xff, 0xff, 0xff, 0xff, 0xff, 0xff, 0xff, 0xfc,
    0xff, 0xff, 0xff, 0xff, 0xff, 0xff, 0xff, 0xfc,
    0xff, 0xff, 0xff, 0xff, 0xff, 0xff, 0xff, 0xfc,
    0xff, 0xff, 0xff, 0xff, 0xff, 0xff, 0xff, 0xfc,

    0x3, 0x33, 0x33, 0x0, 0x0, 0xdf, 0xff, 0xf5,
    0x0, 0x3, 0xff, 0xff, 0xb0, 0x0, 0x9, 0xff,
    0xff, 0x20, 0x0, 0xe, 0xff, 0xf9, 0x0, 0x0,
    0x4f, 0xff, 0xe0,

    0x0, 0x0, 0x5, 0xad, 0xef, 0xec, 0x83, 0x0,
    0x0, 0x0, 0x4, 0xdf, 0xff, 0xff, 0xff, 0xff,
    0xb2, 0x0, 0x0, 0x5f, 0xff, 0xff, 0xff, 0xff,
    0xff, 0xfe, 0x30, 0x1, 0xef, 0xff, 0xff, 0xff,
    0xff, 0xff, 0xff, 0xd0, 0x7, 0xff, 0xff, 0xfe,
    0x86, 0xbf, 0xff, 0xff, 0xf4, 0x4, 0x79, 0xbc,
    0xe2, 0x0, 0xd, 0xff, 0xff, 0xf7, 0x0, 0x0,
    0x0, 0x0, 0x0, 0x3f, 0xff, 0xff, 0xf8, 0x0,
    0x0, 0x26, 0x89, 0xbd, 0xff, 0xff, 0xff, 0xf8,
    0x0, 0x2c, 0xff, 0xff, 0xff, 0xff, 0xff, 0xff,
    0xf8, 0x2, 0xef, 0xff, 0xff, 0xff, 0xff, 0xff,
    0xff, 0xf8, 0xb, 0xff, 0xff, 0xff, 0xc8, 0x4b,
    0xff, 0xff, 0xf8, 0xf, 0xff, 0xff, 0xf2, 0x0,
    0xb, 0xff, 0xff, 0xf8, 0x2f, 0xff, 0xff, 0xb0,
    0x0, 0x1e, 0xff, 0xff, 0xf8, 0x2f, 0xff, 0xff,
    0xf4, 0x13, 0xcf, 0xff, 0xff, 0xf8, 0xf, 0xff,
    0xff, 0xff, 0xff, 0xff, 0xff, 0xff, 0xf8, 0xa,
    0xff, 0xff, 0xff, 0xff, 0xfb, 0xff, 0xff, 0xf8,
    0x1, 0xcf, 0xff, 0xff, 0xff, 0x86, 0xff, 0xff,
    0xf8, 0x0, 0x6, 0xce, 0xfe, 0xb4, 0x6, 0xff,
    0xff, 0xf8,

    0x6f, 0xff, 0xff, 0xe0, 0x0, 0x0, 0x0, 0x0,
    0x0, 0x6, 0xff, 0xff, 0xfe, 0x0, 0x0, 0x0,
    0x0, 0x0, 0x0, 0x6f, 0xff, 0xff, 0xe0, 0x0,
    0x0, 0x0, 0x0, 0x0, 0x6, 0xff, 0xff, 0xfe,
    0x0, 0x0, 0x0, 0x0, 0x0, 0x0, 0x6f, 0xff,
    0xff, 0xe0, 0x0, 0x0, 0x0, 0x0, 0x0, 0x6,
    0xff, 0xff, 0xfe, 0x0, 0x0, 0x0, 0x0, 0x0,
    0x0, 0x6f, 0xff, 0xff, 0xe0, 0x6, 0xcf, 0xeb,
    0x50, 0x0, 0x6, 0xff, 0xff, 0xfe, 0xc, 0xff,
    0xff, 0xff, 0xc1, 0x0, 0x6f, 0xff, 0xff, 0xe9,
    0xff, 0xff, 0xff, 0xff, 0xd0, 0x6, 0xff, 0xff,
    0xff, 0xff, 0xff, 0xff, 0xff, 0xff, 0x80, 0x6f,
    0xff, 0xff, 0xff, 0xfe, 0xff, 0xff, 0xff, 0xfe,
    0x6, 0xff, 0xff, 0xff, 0xd2, 0x2, 0xdf, 0xff,
    0xff, 0xf4, 0x6f, 0xff, 0xff, 0xf3, 0x0, 0x4,
    0xff, 0xff, 0xff, 0x76, 0xff, 0xff, 0xfe, 0x0,
    0x0, 0xf, 0xff, 0xff, 0xf9, 0x6f, 0xff, 0xff,
    0xc0, 0x0, 0x0, 0xdf, 0xff, 0xff, 0xa6, 0xff,
    0xff, 0xfc, 0x0, 0x0, 0xd, 0xff, 0xff, 0xfa,
    0x6f, 0xff, 0xff, 0xe0, 0x0, 0x0, 0xff, 0xff,
    0xff, 0x96, 0xff, 0xff, 0xff, 0x40, 0x0, 0x4f,
    0xff, 0xff, 0xf7, 0x6f, 0xff, 0xff, 0xfd, 0x20,
    0x2d, 0xff, 0xff, 0xff, 0x46, 0xff, 0xff, 0xff,
    0xff, 0xef, 0xff, 0xff, 0xff, 0xe0, 0x6f, 0xff,
    0xff, 0xff, 0xff, 0xff, 0xff, 0xff, 0xf7, 0x6,
    0xff, 0xff, 0xfd, 0xaf, 0xff, 0xff, 0xff, 0xfd,
    0x0, 0x6f, 0xff, 0xff, 0xd1, 0xdf, 0xff, 0xff,
    0xfc, 0x10, 0x6, 0xff, 0xff, 0xfd, 0x0, 0x7d,
    0xfe, 0xc5, 0x0, 0x0,

    0x0, 0x0, 0x1, 0x7b, 0xef, 0xfe, 0xb7, 0x10,
    0x0, 0x0, 0x0, 0x6, 0xff, 0xff, 0xff, 0xff,
    0xff, 0x60, 0x0, 0x0, 0x9, 0xff, 0xff, 0xff,
    0xff, 0xff, 0xff, 0x80, 0x0, 0x6, 0xff, 0xff,
    0xff, 0xff, 0xff, 0xff, 0xff, 0x40, 0x1, 0xff,
    0xff, 0xff, 0xfd, 0xdf, 0xff, 0xff, 0xfc, 0x0,
    0x7f, 0xff, 0xff, 0xf6, 0x0, 0x5f, 0xff, 0xff,
    0xf2, 0xc, 0xff, 0xff, 0xfc, 0x0, 0x0, 0xbf,
    0xff, 0xfd, 0x30, 0xef, 0xff, 0xff, 0x70, 0x0,
    0x3, 0x64, 0x10, 0x0, 0xf, 0xff, 0xff, 0xf6,
    0x0, 0x0, 0x0, 0x0, 0x0, 0x0, 0xff, 0xff,
    0xff, 0x60, 0x0, 0x0, 0x0, 0x0, 0x0, 0xe,
    0xff, 0xff, 0xf8, 0x0, 0x0, 0x47, 0x53, 0x10,
    0x0, 0xcf, 0xff, 0xff, 0xc0, 0x0, 0xb, 0xff,
    0xff, 0xe3, 0x7, 0xff, 0xff, 0xff, 0x70, 0x5,
    0xff, 0xff, 0xff, 0x10, 0x1f, 0xff, 0xff, 0xff,
    0xdd, 0xff, 0xff, 0xff, 0xc0, 0x0, 0x6f, 0xff,
    0xff, 0xff, 0xff, 0xff, 0xff, 0xf4, 0x0, 0x0,
    0x9f, 0xff, 0xff, 0xff, 0xff, 0xff, 0xf7, 0x0,
    0x0, 0x0, 0x6f, 0xff, 0xff, 0xff, 0xff, 0xf6,
    0x0, 0x0, 0x0, 0x0, 0x17, 0xbe, 0xff, 0xeb,
    0x71, 0x0, 0x0,

    0x0, 0x0, 0x0, 0x0, 0x0, 0x0, 0x3f, 0xff,
    0xff, 0xf1, 0x0, 0x0, 0x0, 0x0, 0x0, 0x0,
    0x3f, 0xff, 0xff, 0xf1, 0x0, 0x0, 0x0, 0x0,
    0x0, 0x0, 0x3f, 0xff, 0xff, 0xf1, 0x0, 0x0,
    0x0, 0x0, 0x0, 0x0, 0x3f, 0xff, 0xff, 0xf1,
    0x0, 0x0, 0x0, 0x0, 0x0, 0x0, 0x3f, 0xff,
    0xff, 0xf1, 0x0, 0x0, 0x0, 0x0, 0x0, 0x0,
    0x3f, 0xff, 0xff, 0xf1, 0x0, 0x0, 0x18, 0xdf,
    0xeb, 0x40, 0x3f, 0xff, 0xff, 0xf1, 0x0, 0x4,
    0xff, 0xff, 0xff, 0xf7, 0x3f, 0xff, 0xff, 0xf1,
    0x0, 0x3f, 0xff, 0xff, 0xff, 0xff, 0x7f, 0xff,
    0xff, 0xf1, 0x0, 0xdf, 0xff, 0xff, 0xff, 0xff,
    0xff, 0xff, 0xff, 0xf1, 0x5, 0xff, 0xff, 0xff,
    0xff, 0xef, 0xff, 0xff, 0xff, 0xf1, 0xa, 0xff,
    0xff, 0xff, 0x90, 0x5, 0xff, 0xff, 0xff, 0xf1,
    0xd, 0xff, 0xff, 0xfe, 0x0, 0x0, 0x9f, 0xff,
    0xff, 0xf1, 0xf, 0xff, 0xff, 0xf9, 0x0, 0x0,
    0x3f, 0xff, 0xff, 0xf1, 0xf, 0xff, 0xff, 0xf7,
    0x0, 0x0, 0x1f, 0xff, 0xff, 0xf1, 0xf, 0xff,
    0xff, 0xf7, 0x0, 0x0, 0x1f, 0xff, 0xff, 0xf1,
    0xf, 0xff, 0xff, 0xf9, 0x0, 0x0, 0x3f, 0xff,
    0xff, 0xf1, 0xd, 0xff, 0xff, 0xfe, 0x0, 0x0,
    0x9f, 0xff, 0xff, 0xf1, 0xa, 0xff, 0xff, 0xff,
    0x90, 0x5, 0xff, 0xff, 0xff, 0xf1, 0x5, 0xff,
    0xff, 0xff, 0xff, 0xef, 0xff, 0xff, 0xff, 0xf1,
    0x0, 0xcf, 0xff, 0xff, 0xff, 0xff, 0xff, 0xff,
    0xff, 0xf1, 0x0, 0x3f, 0xff, 0xff, 0xff, 0xff,
    0x7f, 0xff, 0xff, 0xf1, 0x0, 0x4, 0xff, 0xff,
    0xff, 0xf8, 0x2f, 0xff, 0xff, 0xf1, 0x0, 0x0,
    0x18, 0xdf, 0xeb, 0x40, 0x2f, 0xff, 0xff, 0xf1,

    0x0, 0x0, 0x1, 0x7b, 0xef, 0xfd, 0xa5, 0x0,
    0x0, 0x0, 0x0, 0x6, 0xff, 0xff, 0xff, 0xff,
    0xfc, 0x20, 0x0, 0x0, 0x9, 0xff, 0xff, 0xff,
    0xff, 0xff, 0xfe, 0x30, 0x0, 0x6, 0xff, 0xff,
    0xff, 0xff, 0xff, 0xff, 0xfd, 0x0, 0x1, 0xff,
    0xff, 0xff, 0xd8, 0x9e, 0xff, 0xff, 0xf8, 0x0,
    0x7f, 0xff, 0xff, 0xb0, 0x0, 0x1e, 0xff, 0xff,
    0xe0, 0xc, 0xff, 0xff, 0xf4, 0x0, 0x0, 0x8f,
    0xff, 0xff, 0x30, 0xef, 0xff, 0xff, 0xff, 0xff,
    0xff, 0xff, 0xff, 0xf6, 0xf, 0xff, 0xff, 0xff,
    0xff, 0xff, 0xff, 0xff, 0xff, 0x70, 0xff, 0xff,
    0xff, 0xff, 0xff, 0xff, 0xff, 0xff, 0xf7, 0xe,
    0xff, 0xff, 0xf9, 0x88, 0x88, 0x88, 0x88, 0x88,
    0x40, 0xcf, 0xff, 0xff, 0x50, 0x0, 0x0, 0x0,
    0x0, 0x0, 0x7, 0xff, 0xff, 0xfc, 0x0, 0x0,
    0x8d, 0xa8, 0x64, 0x0, 0x1f, 0xff, 0xff, 0xfe,
    0x98, 0xcf, 0xff, 0xff, 0xf0, 0x0, 0x8f, 0xff,
    0xff, 0xff, 0xff, 0xff, 0xff, 0xf7, 0x0, 0x0,
    0xbf, 0xff, 0xff, 0xff, 0xff, 0xff, 0xfb, 0x0,
    0x0, 0x0, 0x8f, 0xff, 0xff, 0xff, 0xff, 0xf8,
    0x0, 0x0, 0x0, 0x0, 0x17, 0xbe, 0xff, 0xeb,
    0x71, 0x0, 0x0,

    0x0, 0x0, 0x0, 0x5a, 0xcd, 0xca, 0x81, 0x0,
    0x0, 0x1c, 0xff, 0xff, 0xff, 0xf2, 0x0, 0x0,
    0xdf, 0xff, 0xff, 0xff, 0xf0, 0x0, 0x6, 0xff,
    0xff, 0xff, 0xff, 0xc0, 0x0, 0xa, 0xff, 0xff,
    0xff, 0xff, 0x90, 0x0, 0xd, 0xff, 0xff, 0xfa,
    0x1, 0x10, 0x0, 0xe, 0xff, 0xff, 0xf5, 0x0,
    0x0, 0xbf, 0xff, 0xff, 0xff, 0xff, 0xff, 0xa0,
    0xbf, 0xff, 0xff, 0xff, 0xff, 0xff, 0xa0, 0xbf,
    0xff, 0xff, 0xff, 0xff, 0xff, 0xa0, 0xbf, 0xff,
    0xff, 0xff, 0xff, 0xff, 0xa0, 0x7a, 0xaf, 0xff,
    0xff, 0xfc, 0xaa, 0x60, 0x0, 0xe, 0xff, 0xff,
    0xf5, 0x0, 0x0, 0x0, 0xe, 0xff, 0xff, 0xf5,
    0x0, 0x0, 0x0, 0xe, 0xff, 0xff, 0xf5, 0x0,
    0x0, 0x0, 0xe, 0xff, 0xff, 0xf5, 0x0, 0x0,
    0x0, 0xe, 0xff, 0xff, 0xf5, 0x0, 0x0, 0x0,
    0xe, 0xff, 0xff, 0xf5, 0x0, 0x0, 0x0, 0xe,
    0xff, 0xff, 0xf5, 0x0, 0x0, 0x0, 0xe, 0xff,
    0xff, 0xf5, 0x0, 0x0, 0x0, 0xe, 0xff, 0xff,
    0xf5, 0x0, 0x0, 0x0, 0xe, 0xff, 0xff, 0xf5,
    0x0, 0x0, 0x0, 0xe, 0xff, 0xff, 0xf5, 0x0,
    0x0, 0x0, 0xe, 0xff, 0xff, 0xf5, 0x0, 0x0,
    0x0, 0xe, 0xff, 0xff, 0xf5, 0x0, 0x0,

    0x0, 0x0, 0x17, 0xcf, 0xeb, 0x40, 0x1f, 0xff,
    0xff, 0xf2, 0x0, 0x4, 0xef, 0xff, 0xff, 0xf8,
    0x1f, 0xff, 0xff, 0xf2, 0x0, 0x2f, 0xff, 0xff,
    0xff, 0xff, 0x6f, 0xff, 0xff, 0xf2, 0x0, 0xcf,
    0xff, 0xff, 0xff, 0xff, 0xef, 0xff, 0xff, 0xf2,
    0x4, 0xff, 0xff, 0xff, 0xff, 0xff, 0xff, 0xff,
    0xff, 0xf2, 0x9, 0xff, 0xff, 0xff, 0xa0, 0x5,
    0xff, 0xff, 0xff, 0xf2, 0xc, 0xff, 0xff, 0xff,
    0x0, 0x0, 0xaf, 0xff, 0xff, 0xf2, 0xf, 0xff,
    0xff, 0xfa, 0x0, 0x0, 0x4f, 0xff, 0xff, 0xf2,
    0xf, 0xff, 0xff, 0xf8, 0x0, 0x0, 0x2f, 0xff,
    0xff, 0xf2, 0xf, 0xff, 0xff, 0xf7, 0x0, 0x0,
    0x1f, 0xff, 0xff, 0xf2, 0xf, 0xff, 0xff, 0xf9,
    0x0, 0x0, 0x3f, 0xff, 0xff, 0xf2, 0xd, 0xff,
    0xff, 0xfc, 0x0, 0x0, 0x7f, 0xff, 0xff, 0xf2,
    0xb, 0xff, 0xff, 0xff, 0x40, 0x1, 0xef, 0xff,
    0xff, 0xf2, 0x6, 0xff, 0xff, 0xff, 0xfa, 0x9e,
    0xff, 0xff, 0xff, 0xf2, 0x0, 0xef, 0xff, 0xff,
    0xff, 0xff, 0xff, 0xff, 0xff, 0xf2, 0x0, 0x5f,
    0xff, 0xff, 0xff, 0xff, 0x6f, 0xff, 0xff, 0xf2,
    0x0, 0x6, 0xff, 0xff, 0xff, 0xf9, 0x1f, 0xff,
    0xff, 0xf2, 0x0, 0x0, 0x28, 0xdf, 0xec, 0x60,
    0x1f, 0xff, 0xff, 0xf1, 0x0, 0x0, 0x0, 0x0,
    0x0, 0x0, 0x2f, 0xff, 0xff, 0xf0, 0x0, 0x13,
    0x57, 0x92, 0x0, 0x0, 0x7f, 0xff, 0xff, 0xd0,
    0x5, 0xff, 0xff, 0xfe, 0x75, 0x59, 0xff, 0xff,
    0xff, 0x70, 0x0, 0xef, 0xff, 0xff, 0xff, 0xff,
    0xff, 0xff, 0xfd, 0x0, 0x0, 0x4f, 0xff, 0xff,
    0xff, 0xff, 0xff, 0xff, 0xe2, 0x0, 0x0, 0x3,
    0xdf, 0xff, 0xff, 0xff, 0xff, 0xfa, 0x10, 0x0,
    0x0, 0x0, 0x4, 0x9c, 0xef, 0xfd, 0xc7, 0x20,
    0x0, 0x0,

    0x6f, 0xff, 0xff, 0xb0, 0x0, 0x0, 0x0, 0x0,
    0x0, 0x6, 0xff, 0xff, 0xfb, 0x0, 0x0, 0x0,
    0x0, 0x0, 0x0, 0x6f, 0xff, 0xff, 0xb0, 0x0,
    0x0, 0x0, 0x0, 0x0, 0x6, 0xff, 0xff, 0xfb,
    0x0, 0x0, 0x0, 0x0, 0x0, 0x0, 0x6f, 0xff,
    0xff, 0xb0, 0x0, 0x0, 0x0, 0x0, 0x0, 0x6,
    0xff, 0xff, 0xfb, 0x0, 0x0, 0x0, 0x0, 0x0,
    0x0, 0x6f, 0xff, 0xff, 0xb0, 0x6, 0xcf, 0xfd,
    0x71, 0x0, 0x6, 0xff, 0xff, 0xfb, 0xa, 0xff,
    0xff, 0xff, 0xe2, 0x0, 0x6f, 0xff, 0xff, 0xb8,
    0xff, 0xff, 0xff, 0xff, 0xe0, 0x6, 0xff, 0xff,
    0xfd, 0xff, 0xff, 0xff, 0xff, 0xff, 0x80, 0x6f,
    0xff, 0xff, 0xff, 0xff, 0xff, 0xff, 0xff, 0xfd,
    0x6, 0xff, 0xff, 0xff, 0xe6, 0x37, 0xff, 0xff,
    0xff, 0xf1, 0x6f, 0xff, 0xff, 0xf3, 0x0, 0x7,
    0xff, 0xff, 0xff, 0x26, 0xff, 0xff, 0xff, 0x0,
    0x0, 0x2f, 0xff, 0xff, 0xf3, 0x6f, 0xff, 0xff,
    0xe0, 0x0, 0x1, 0xff, 0xff, 0xff, 0x36, 0xff,
    0xff, 0xfe, 0x0, 0x0, 0x1f, 0xff, 0xff, 0xf3,
    0x6f, 0xff, 0xff, 0xe0, 0x0, 0x1, 0xff, 0xff,
    0xff, 0x36, 0xff, 0xff, 0xfe, 0x0, 0x0, 0x1f,
    0xff, 0xff, 0xf3, 0x6f, 0xff, 0xff, 0xe0, 0x0,
    0x1, 0xff, 0xff, 0xff, 0x36, 0xff, 0xff, 0xfe,
    0x0, 0x0, 0x1f, 0xff, 0xff, 0xf3, 0x6f, 0xff,
    0xff, 0xe0, 0x0, 0x1, 0xff, 0xff, 0xff, 0x36,
    0xff, 0xff, 0xfe, 0x0, 0x0, 0x1f, 0xff, 0xff,
    0xf3, 0x6f, 0xff, 0xff, 0xe0, 0x0, 0x1, 0xff,
    0xff, 0xff, 0x36, 0xff, 0xff, 0xfe, 0x0, 0x0,
    0x1f, 0xff, 0xff, 0xf3,

    0x1, 0x8c, 0xb3, 0x0, 0xcf, 0xff, 0xf4, 0x4f,
    0xff, 0xff, 0xb4, 0xff, 0xff, 0xfb, 0xd, 0xff,
    0xff, 0x50, 0x2b, 0xfd, 0x60, 0x0, 0x0, 0x0,
    0x0, 0x0, 0x0, 0x0, 0x6f, 0xff, 0xff, 0xe6,
    0xff, 0xff, 0xfe, 0x6f, 0xff, 0xff, 0xe6, 0xff,
    0xff, 0xfe, 0x6f, 0xff, 0xff, 0xe6, 0xff, 0xff,
    0xfe, 0x6f, 0xff, 0xff, 0xe6, 0xff, 0xff, 0xfe,
    0x6f, 0xff, 0xff, 0xe6, 0xff, 0xff, 0xfe, 0x6f,
    0xff, 0xff, 0xe6, 0xff, 0xff, 0xfe, 0x6f, 0xff,
    0xff, 0xe6, 0xff, 0xff, 0xfe, 0x6f, 0xff, 0xff,
    0xe6, 0xff, 0xff, 0xfe, 0x6f, 0xff, 0xff, 0xe6,
    0xff, 0xff, 0xfe,

    0x0, 0x0, 0x2b, 0xfd, 0x60, 0x0, 0x0, 0xdf,
    0xff, 0xf6, 0x0, 0x4, 0xff, 0xff, 0xfb, 0x0,
    0x3, 0xff, 0xff, 0xfb, 0x0, 0x0, 0xcf, 0xff,
    0xf4, 0x0, 0x0, 0x8, 0xcb, 0x40, 0x0, 0x0,
    0x0, 0x0, 0x0, 0x0, 0x6, 0xff, 0xff, 0xfe,
    0x0, 0x6, 0xff, 0xff, 0xfe, 0x0, 0x6, 0xff,
    0xff, 0xfe, 0x0, 0x6, 0xff, 0xff, 0xfe, 0x0,
    0x6, 0xff, 0xff, 0xfe, 0x0, 0x6, 0xff, 0xff,
    0xfe, 0x0, 0x6, 0xff, 0xff, 0xfe, 0x0, 0x6,
    0xff, 0xff, 0xfe, 0x0, 0x6, 0xff, 0xff, 0xfe,
    0x0, 0x6, 0xff, 0xff, 0xfe, 0x0, 0x6, 0xff,
    0xff, 0xfe, 0x0, 0x6, 0xff, 0xff, 0xfe, 0x0,
    0x6, 0xff, 0xff, 0xfe, 0x0, 0x6, 0xff, 0xff,
    0xfe, 0x0, 0x6, 0xff, 0xff, 0xfe, 0x0, 0x6,
    0xff, 0xff, 0xfe, 0x0, 0x6, 0xff, 0xff, 0xfe,
    0x0, 0x6, 0xff, 0xff, 0xfe, 0x0, 0x6, 0xff,
    0xff, 0xfd, 0x0, 0x9, 0xff, 0xff, 0xfd, 0x1b,
    0xdf, 0xff, 0xff, 0xfb, 0x1f, 0xff, 0xff, 0xff,
    0xf6, 0x1f, 0xff, 0xff, 0xff, 0xd0, 0x1f, 0xff,
    0xff, 0xfc, 0x10, 0x1f, 0xfe, 0xd9, 0x40, 0x0,

    0x6f, 0xff, 0xff, 0xe0, 0x0, 0x0, 0x0, 0x0,
    0x0, 0x6, 0xff, 0xff, 0xfe, 0x0, 0x0, 0x0,
    0x0, 0x0, 0x0, 0x6f, 0xff, 0xff, 0xe0, 0x0,
    0x0, 0x0, 0x0, 0x0, 0x6, 0xff, 0xff, 0xfe,
    0x0, 0x0, 0x0, 0x0, 0x0, 0x0, 0x6f, 0xff,
    0xff, 0xe0, 0x0, 0x0, 0x0, 0x0, 0x0, 0x6,
    0xff, 0xff, 0xfe, 0x0, 0x0, 0x0, 0x0, 0x0,
    0x0, 0x6f, 0xff, 0xff, 0xe0, 0x0, 0x1e, 0xff,
    0xff, 0xfe, 0x16, 0xff, 0xff, 0xfe, 0x0, 0xb,
    0xff, 0xff, 0xff, 0x40, 0x6f, 0xff, 0xff, 0xe0,
    0x6, 0xff, 0xff, 0xff, 0x70, 0x6, 0xff, 0xff,
    0xfe, 0x2, 0xff, 0xff, 0xff, 0xb0, 0x0, 0x6f,
    0xff, 0xff, 0xe0, 0xcf, 0xff, 0xff, 0xe1, 0x0,
    0x6, 0xff, 0xff, 0xfe, 0x8f, 0xff, 0xff, 0xf3,
    0x0, 0x0, 0x6f, 0xff, 0xff, 0xff, 0xff, 0xff,
    0xf7, 0x0, 0x0, 0x6, 0xff, 0xff, 0xff, 0xff,
    0xff, 0xfb, 0x0, 0x0, 0x0, 0x6f, 0xff, 0xff,
    0xff, 0xff, 0xff, 0xc0, 0x0, 0x0, 0x6, 0xff,
    0xff, 0xff, 0xff, 0xff, 0xff, 0x60, 0x0, 0x0,
    0x6f, 0xff, 0xff, 0xff, 0xff, 0xff, 0xfe, 0x10,
    0x0, 0x6, 0xff, 0xff, 0xff, 0xef, 0xff, 0xff,
    0xf9, 0x0, 0x0, 0x6f, 0xff, 0xff, 0xf3, 0xbf,
    0xff, 0xff, 0xf3, 0x0, 0x6, 0xff, 0xff, 0xfe,
    0x2, 0xff, 0xff, 0xff, 0xc0, 0x0, 0x6f, 0xff,
    0xff, 0xe0, 0x9, 0xff, 0xff, 0xff, 0x60, 0x6,
    0xff, 0xff, 0xfe, 0x0, 0x1f, 0xff, 0xff, 0xfe,
    0x10, 0x6f, 0xff, 0xff, 0xe0, 0x0, 0x7f, 0xff,
    0xff, 0xfa, 0x6, 0xff, 0xff, 0xfe, 0x0, 0x0,
    0xef, 0xff, 0xff, 0xf3,

    0x6f, 0xff, 0xff, 0xe6, 0xff, 0xff, 0xfe, 0x6f,
    0xff, 0xff, 0xe6, 0xff, 0xff, 0xfe, 0x6f, 0xff,
    0xff, 0xe6, 0xff, 0xff, 0xfe, 0x6f, 0xff, 0xff,
    0xe6, 0xff, 0xff, 0xfe, 0x6f, 0xff, 0xff, 0xe6,
    0xff, 0xff, 0xfe, 0x6f, 0xff, 0xff, 0xe6, 0xff,
    0xff, 0xfe, 0x6f, 0xff, 0xff, 0xe6, 0xff, 0xff,
    0xfe, 0x6f, 0xff, 0xff, 0xe6, 0xff, 0xff, 0xfe,
    0x6f, 0xff, 0xff, 0xe6, 0xff, 0xff, 0xfe, 0x6f,
    0xff, 0xff, 0xe6, 0xff, 0xff, 0xfe, 0x6f, 0xff,
    0xff, 0xe6, 0xff, 0xff, 0xfe, 0x6f, 0xff, 0xff,
    0xe6, 0xff, 0xff, 0xfe,

    0x6f, 0xff, 0xff, 0x50, 0x7, 0xdf, 0xe9, 0x10,
    0x0, 0x6, 0xce, 0xfc, 0x70, 0x0, 0x6f, 0xff,
    0xff, 0x71, 0xdf, 0xff, 0xff, 0xd1, 0x2, 0xef,
    0xff, 0xff, 0xfc, 0x0, 0x6f, 0xff, 0xff, 0x8c,
    0xff, 0xff, 0xff, 0xf9, 0xe, 0xff, 0xff, 0xff,
    0xff, 0xa0, 0x6f, 0xff, 0xff, 0xef, 0xff, 0xff,
    0xff, 0xff, 0x8f, 0xff, 0xff, 0xff, 0xff, 0xf2,
    0x6f, 0xff, 0xff, 0xff, 0xff, 0xff, 0xff, 0xff,
    0xff, 0xff, 0xff, 0xff, 0xff, 0xf6, 0x6f, 0xff,
    0xff, 0xfa, 0x11, 0xbf, 0xff, 0xff, 0xfd, 0x21,
    0x8f, 0xff, 0xff, 0xf8, 0x6f, 0xff, 0xff, 0xf0,
    0x0, 0x1f, 0xff, 0xff, 0xf4, 0x0, 0xd, 0xff,
    0xff, 0xf9, 0x6f, 0xff, 0xff, 0xe0, 0x0, 0xe,
    0xff, 0xff, 0xf1, 0x0, 0xb, 0xff, 0xff, 0xf9,
    0x6f, 0xff, 0xff, 0xe0, 0x0, 0xe, 0xff, 0xff,
    0xf1, 0x0, 0xb, 0xff, 0xff, 0xf9, 0x6f, 0xff,
    0xff, 0xe0, 0x0, 0xe, 0xff, 0xff, 0xf1, 0x0,
    0xb, 0xff, 0xff, 0xf9, 0x6f, 0xff, 0xff, 0xe0,
    0x0, 0xe, 0xff, 0xff, 0xf1, 0x0, 0xb, 0xff,
    0xff, 0xf9, 0x6f, 0xff, 0xff, 0xe0, 0x0, 0xe,
    0xff, 0xff, 0xf1, 0x0, 0xb, 0xff, 0xff, 0xf9,
    0x6f, 0xff, 0xff, 0xe0, 0x0, 0xe, 0xff, 0xff,
    0xf1, 0x0, 0xb, 0xff, 0xff, 0xf9, 0x6f, 0xff,
    0xff, 0xe0, 0x0, 0xe, 0xff, 0xff, 0xf1, 0x0,
    0xb, 0xff, 0xff, 0xf9, 0x6f, 0xff, 0xff, 0xe0,
    0x0, 0xe, 0xff, 0xff, 0xf1, 0x0, 0xb, 0xff,
    0xff, 0xf9, 0x6f, 0xff, 0xff, 0xe0, 0x0, 0xe,
    0xff, 0xff, 0xf1, 0x0, 0xb, 0xff, 0xff, 0xf9,
    0x6f, 0xff, 0xff, 0xe0, 0x0, 0xe, 0xff, 0xff,
    0xf1, 0x0, 0xb, 0xff, 0xff, 0xf9, 0x6f, 0xff,
    0xff, 0xe0, 0x0, 0xe, 0xff, 0xff, 0xf1, 0x0,
    0xb, 0xff, 0xff, 0xf9,

    0x6f, 0xff, 0xff, 0x70, 0x7, 0xcf, 0xfd, 0x71,
    0x0, 0x6, 0xff, 0xff, 0xf8, 0xb, 0xff, 0xff,
    0xff, 0xe2, 0x0, 0x6f, 0xff, 0xff, 0x89, 0xff,
    0xff, 0xff, 0xff, 0xe0, 0x6, 0xff, 0xff, 0xfb,
    0xff, 0xff, 0xff, 0xff, 0xff, 0x80, 0x6f, 0xff,
    0xff, 0xff, 0xff, 0xff, 0xff, 0xff, 0xfd, 0x6,
    0xff, 0xff, 0xff, 0xc2, 0x3, 0xef, 0xff, 0xff,
    0xf1, 0x6f, 0xff, 0xff, 0xf2, 0x0, 0x5, 0xff,
    0xff, 0xff, 0x26, 0xff, 0xff, 0xfe, 0x0, 0x0,
    0x2f, 0xff, 0xff, 0xf3, 0x6f, 0xff, 0xff, 0xe0,
    0x0, 0x1, 0xff, 0xff, 0xff, 0x36, 0xff, 0xff,
    0xfe, 0x0, 0x0, 0x1f, 0xff, 0xff, 0xf3, 0x6f,
    0xff, 0xff, 0xe0, 0x0, 0x1, 0xff, 0xff, 0xff,
    0x36, 0xff, 0xff, 0xfe, 0x0, 0x0, 0x1f, 0xff,
    0xff, 0xf3, 0x6f, 0xff, 0xff, 0xe0, 0x0, 0x1,
    0xff, 0xff, 0xff, 0x36, 0xff, 0xff, 0xfe, 0x0,
    0x0, 0x1f, 0xff, 0xff, 0xf3, 0x6f, 0xff, 0xff,
    0xe0, 0x0, 0x1, 0xff, 0xff, 0xff, 0x36, 0xff,
    0xff, 0xfe, 0x0, 0x0, 0x1f, 0xff, 0xff, 0xf3,
    0x6f, 0xff, 0xff, 0xe0, 0x0, 0x1, 0xff, 0xff,
    0xff, 0x36, 0xff, 0xff, 0xfe, 0x0, 0x0, 0x1f,
    0xff, 0xff, 0xf3,

    0x0, 0x0, 0x1, 0x7b, 0xef, 0xfe, 0xb7, 0x10,
    0x0, 0x0, 0x0, 0x0, 0x6f, 0xff, 0xff, 0xff,
    0xff, 0xf6, 0x0, 0x0, 0x0, 0x9, 0xff, 0xff,
    0xff, 0xff, 0xff, 0xff, 0x90, 0x0, 0x0, 0x6f,
    0xff, 0xff, 0xff, 0xff, 0xff, 0xff, 0xf6, 0x0,
    0x1, 0xff, 0xff, 0xff, 0xfd, 0xdf, 0xff, 0xff,
    0xff, 0x10, 0x7, 0xff, 0xff, 0xff, 0x60, 0x6,
    0xff, 0xff, 0xff, 0x70, 0xc, 0xff, 0xff, 0xfd,
    0x0, 0x0, 0xdf, 0xff, 0xff, 0xb0, 0xe, 0xff,
    0xff, 0xf8, 0x0, 0x0, 0x8f, 0xff, 0xff, 0xe0,
    0xf, 0xff, 0xff, 0xf6, 0x0, 0x0, 0x6f, 0xff,
    0xff, 0xf0, 0xf, 0xff, 0xff, 0xf6, 0x0, 0x0,
    0x6f, 0xff, 0xff, 0xf0, 0xe, 0xff, 0xff, 0xf8,
    0x0, 0x0, 0x8f, 0xff, 0xff, 0xe0, 0xc, 0xff,
    0xff, 0xfd, 0x0, 0x0, 0xdf, 0xff, 0xff, 0xb0,
    0x7, 0xff, 0xff, 0xff, 0x60, 0x6, 0xff, 0xff,
    0xff, 0x70, 0x1, 0xff, 0xff, 0xff, 0xfd, 0xdf,
    0xff, 0xff, 0xff, 0x10, 0x0, 0x6f, 0xff, 0xff,
    0xff, 0xff, 0xff, 0xff, 0xf6, 0x0, 0x0, 0x9,
    0xff, 0xff, 0xff, 0xff, 0xff, 0xff, 0x90, 0x0,
    0x0, 0x0, 0x6f, 0xff, 0xff, 0xff, 0xff, 0xf6,
    0x0, 0x0, 0x0, 0x0, 0x1, 0x7b, 0xef, 0xfe,
    0xb7, 0x10, 0x0, 0x0,

    0x6f, 0xff, 0xff, 0xd0, 0x7, 0xdf, 0xeb, 0x50,
    0x0, 0x6, 0xff, 0xff, 0xfd, 0x1d, 0xff, 0xff,
    0xff, 0xc1, 0x0, 0x6f, 0xff, 0xff, 0xda, 0xff,
    0xff, 0xff, 0xff, 0xd0, 0x6, 0xff, 0xff, 0xff,
    0xff, 0xff, 0xff, 0xff, 0xff, 0x80, 0x6f, 0xff,
    0xff, 0xff, 0xeb, 0xef, 0xff, 0xff, 0xfe, 0x6,
    0xff, 0xff, 0xff, 0xb0, 0x0, 0xbf, 0xff, 0xff,
    0xf4, 0x6f, 0xff, 0xff, 0xf2, 0x0, 0x3, 0xff,
    0xff, 0xff, 0x76, 0xff, 0xff, 0xfd, 0x0, 0x0,
    0xe, 0xff, 0xff, 0xf9, 0x6f, 0xff, 0xff, 0xc0,
    0x0, 0x0, 0xdf, 0xff, 0xff, 0xa6, 0xff, 0xff,
    0xfc, 0x0, 0x0, 0xd, 0xff, 0xff, 0xfa, 0x6f,
    0xff, 0xff, 0xe0, 0x0, 0x0, 0xff, 0xff, 0xff,
    0x96, 0xff, 0xff, 0xff, 0x40, 0x0, 0x4f, 0xff,
    0xff, 0xf7, 0x6f, 0xff, 0xff, 0xfd, 0x20, 0x2d,
    0xff, 0xff, 0xff, 0x46, 0xff, 0xff, 0xff, 0xff,
    0xef, 0xff, 0xff, 0xff, 0xe0, 0x6f, 0xff, 0xff,
    0xff, 0xff, 0xff, 0xff, 0xff, 0xf7, 0x6, 0xff,
    0xff, 0xfe, 0xaf, 0xff, 0xff, 0xff, 0xfd, 0x0,
    0x6f, 0xff, 0xff, 0xe1, 0xdf, 0xff, 0xff, 0xfc,
    0x10, 0x6, 0xff, 0xff, 0xfe, 0x0, 0x7d, 0xfe,
    0xc5, 0x0, 0x0, 0x6f, 0xff, 0xff, 0xe0, 0x0,
    0x0, 0x0, 0x0, 0x0, 0x6, 0xff, 0xff, 0xfe,
    0x0, 0x0, 0x0, 0x0, 0x0, 0x0, 0x6f, 0xff,
    0xff, 0xe0, 0x0, 0x0, 0x0, 0x0, 0x0, 0x6,
    0xff, 0xff, 0xfe, 0x0, 0x0, 0x0, 0x0, 0x0,
    0x0, 0x6f, 0xff, 0xff, 0xe0, 0x0, 0x0, 0x0,
    0x0, 0x0, 0x6, 0xff, 0xff, 0xfe, 0x0, 0x0,
    0x0, 0x0, 0x0, 0x0, 0x6f, 0xff, 0xff, 0xe0,
    0x0, 0x0, 0x0, 0x0, 0x0, 0x0,

    0x0, 0x0, 0x18, 0xdf, 0xeb, 0x40, 0x2f, 0xff,
    0xff, 0xf1, 0x0, 0x4, 0xff, 0xff, 0xff, 0xf7,
    0x2f, 0xff, 0xff, 0xf1, 0x0, 0x3f, 0xff, 0xff,
    0xff, 0xff, 0x6f, 0xff, 0xff, 0xf1, 0x0, 0xdf,
    0xff, 0xff, 0xff, 0xff, 0xef, 0xff, 0xff, 0xf1,
    0x5, 0xff, 0xff, 0xff, 0xff, 0xef, 0xff, 0xff,
    0xff, 0xf1, 0xa, 0xff, 0xff, 0xff, 0x90, 0x5,
    0xff, 0xff, 0xff, 0xf1, 0xd, 0xff, 0xff, 0xfe,
    0x0, 0x0, 0x9f, 0xff, 0xff, 0xf1, 0xf, 0xff,
    0xff, 0xf9, 0x0, 0x0, 0x3f, 0xff, 0xff, 0xf1,
    0xf, 0xff, 0xff, 0xf7, 0x0, 0x0, 0x1f, 0xff,
    0xff, 0xf1, 0xf, 0xff, 0xff, 0xf7, 0x0, 0x0,
    0x1f, 0xff, 0xff, 0xf1, 0xf, 0xff, 0xff, 0xf9,
    0x0, 0x0, 0x3f, 0xff, 0xff, 0xf1, 0xd, 0xff,
    0xff, 0xfe, 0x0, 0x0, 0x9f, 0xff, 0xff, 0xf1,
    0xa, 0xff, 0xff, 0xff, 0x90, 0x5, 0xff, 0xff,
    0xff, 0xf1, 0x5, 0xff, 0xff, 0xff, 0xff, 0xef,
    0xff, 0xff, 0xff, 0xf1, 0x0, 0xcf, 0xff, 0xff,
    0xff, 0xff, 0xff, 0xff, 0xff, 0xf1, 0x0, 0x3f,
    0xff, 0xff, 0xff, 0xff, 0x8f, 0xff, 0xff, 0xf1,
    0x0, 0x4, 0xff, 0xff, 0xff, 0xf8, 0x3f, 0xff,
    0xff, 0xf1, 0x0, 0x0, 0x18, 0xdf, 0xeb, 0x40,
    0x3f, 0xff, 0xff, 0xf1, 0x0, 0x0, 0x0, 0x0,
    0x0, 0x0, 0x3f, 0xff, 0xff, 0xf1, 0x0, 0x0,
    0x0, 0x0, 0x0, 0x0, 0x3f, 0xff, 0xff, 0xf1,
    0x0, 0x0, 0x0, 0x0, 0x0, 0x0, 0x3f, 0xff,
    0xff, 0xf1, 0x0, 0x0, 0x0, 0x0, 0x0, 0x0,
    0x3f, 0xff, 0xff, 0xf1, 0x0, 0x0, 0x0, 0x0,
    0x0, 0x0, 0x3f, 0xff, 0xff, 0xf1, 0x0, 0x0,
    0x0, 0x0, 0x0, 0x0, 0x3f, 0xff, 0xff, 0xf1,
    0x0, 0x0, 0x0, 0x0, 0x0, 0x0, 0x3f, 0xff,
    0xff, 0xf1,

    0x6f, 0xff, 0xff, 0xb0, 0x3b, 0xff, 0x66, 0xff,
    0xff, 0xfb, 0x3f, 0xff, 0xf6, 0x6f, 0xff, 0xff,
    0xbc, 0xff, 0xff, 0x66, 0xff, 0xff, 0xfe, 0xff,
    0xff, 0xf6, 0x6f, 0xff, 0xff, 0xff, 0xff, 0xff,
    0x66, 0xff, 0xff, 0xff, 0xf9, 0x42, 0x42, 0x6f,
    0xff, 0xff, 0xf8, 0x0, 0x0, 0x6, 0xff, 0xff,
    0xff, 0x0, 0x0, 0x0, 0x6f, 0xff, 0xff, 0xe0,
    0x0, 0x0, 0x6, 0xff, 0xff, 0xfe, 0x0, 0x0,
    0x0, 0x6f, 0xff, 0xff, 0xe0, 0x0, 0x0, 0x6,
    0xff, 0xff, 0xfe, 0x0, 0x0, 0x0, 0x6f, 0xff,
    0xff, 0xe0, 0x0, 0x0, 0x6, 0xff, 0xff, 0xfe,
    0x0, 0x0, 0x0, 0x6f, 0xff, 0xff, 0xe0, 0x0,
    0x0, 0x6, 0xff, 0xff, 0xfe, 0x0, 0x0, 0x0,
    0x6f, 0xff, 0xff, 0xe0, 0x0, 0x0, 0x6, 0xff,
    0xff, 0xfe, 0x0, 0x0, 0x0,

    0x0, 0x0, 0x27, 0xbe, 0xff, 0xed, 0x94, 0x0,
    0x0, 0x0, 0x9, 0xff, 0xff, 0xff, 0xff, 0xff,
    0xd3, 0x0, 0x0, 0xbf, 0xff, 0xff, 0xff, 0xff,
    0xff, 0xff, 0x30, 0x5, 0xff, 0xff, 0xff, 0xff,
    0xff, 0xff, 0xff, 0xd0, 0xa, 0xff, 0xff, 0xfe,
    0x64, 0x7e, 0xff, 0xff, 0xf4, 0xc, 0xff, 0xff,
    0xf8, 0x0, 0x4, 0xca, 0x86, 0x30, 0xb, 0xff,
    0xff, 0xff, 0x84, 0x20, 0x0, 0x0, 0x0, 0x6,
    0xff, 0xff, 0xff, 0xff, 0xff, 0xc9, 0x40, 0x0,
    0x0, 0xdf, 0xff, 0xff, 0xff, 0xff, 0xff, 0xfd,
    0x30, 0x0, 0x1b, 0xff, 0xff, 0xff, 0xff, 0xff,
    0xff, 0xf3, 0x0, 0x0, 0x28, 0xbe, 0xff, 0xff,
    0xff, 0xff, 0xfb, 0x0, 0x0, 0x14, 0x40, 0x14,
    0x8f, 0xff, 0xff, 0xff, 0x1b, 0xdf, 0xff, 0xf2,
    0x0, 0x7, 0xff, 0xff, 0xff, 0xd, 0xff, 0xff,
    0xfe, 0x75, 0x6d, 0xff, 0xff, 0xfc, 0x6, 0xff,
    0xff, 0xff, 0xff, 0xff, 0xff, 0xff, 0xf5, 0x0,
    0x9f, 0xff, 0xff, 0xff, 0xff, 0xff, 0xff, 0x80,
    0x0, 0x7, 0xff, 0xff, 0xff, 0xff, 0xff, 0xe5,
    0x0, 0x0, 0x0, 0x16, 0xbd, 0xff, 0xed, 0x95,
    0x0, 0x0,

    0x0, 0x38, 0x88, 0x88, 0x60, 0x0, 0x0, 0x7,
    0xff, 0xff, 0xfd, 0x0, 0x0, 0x0, 0x7f, 0xff,
    0xff, 0xd0, 0x0, 0x0, 0x7, 0xff, 0xff, 0xfd,
    0x0, 0x0, 0x0, 0x7f, 0xff, 0xff, 0xd0, 0x0,
    0xb, 0xff, 0xff, 0xff, 0xff, 0xff, 0xd0, 0xbf,
    0xff, 0xff, 0xff, 0xff, 0xfd, 0xb, 0xff, 0xff,
    0xff, 0xff, 0xff, 0xd0, 0xbf, 0xff, 0xff, 0xff,
    0xff, 0xfd, 0x7, 0xac, 0xff, 0xff, 0xfe, 0xaa,
    0x80, 0x0, 0x7f, 0xff, 0xff, 0xd0, 0x0, 0x0,
    0x7, 0xff, 0xff, 0xfd, 0x0, 0x0, 0x0, 0x7f,
    0xff, 0xff, 0xd0, 0x0, 0x0, 0x7, 0xff, 0xff,
    0xfd, 0x0, 0x0, 0x0, 0x7f, 0xff, 0xff, 0xd0,
    0x0, 0x0, 0x7, 0xff, 0xff, 0xfd, 0x0, 0x0,
    0x0, 0x7f, 0xff, 0xff, 0xd0, 0x0, 0x0, 0x7,
    0xff, 0xff, 0xfe, 0x0, 0x0, 0x0, 0x6f, 0xff,
    0xff, 0xff, 0xe9, 0x0, 0x3, 0xff, 0xff, 0xff,
    0xff, 0xc0, 0x0, 0xd, 0xff, 0xff, 0xff, 0xff,
    0x0, 0x0, 0x2e, 0xff, 0xff, 0xff, 0xf1, 0x0,
    0x0, 0x18, 0xcf, 0xff, 0xda, 0x10,

    0x6f, 0xff, 0xff, 0xe0, 0x0, 0x1, 0xff, 0xff,
    0xff, 0x36, 0xff, 0xff, 0xfe, 0x0, 0x0, 0x1f,
    0xff, 0xff, 0xf3, 0x6f, 0xff, 0xff, 0xe0, 0x0,
    0x1, 0xff, 0xff, 0xff, 0x36, 0xff, 0xff, 0xfe,
    0x0, 0x0, 0x1f, 0xff, 0xff, 0xf3, 0x6f, 0xff,
    0xff, 0xe0, 0x0, 0x1, 0xff, 0xff, 0xff, 0x36,
    0xff, 0xff, 0xfe, 0x0, 0x0, 0x1f, 0xff, 0xff,
    0xf3, 0x6f, 0xff, 0xff, 0xe0, 0x0, 0x1, 0xff,
    0xff, 0xff, 0x36, 0xff, 0xff, 0xfe, 0x0, 0x0,
    0x1f, 0xff, 0xff, 0xf3, 0x6f, 0xff, 0xff, 0xe0,
    0x0, 0x1, 0xff, 0xff, 0xff, 0x36, 0xff, 0xff,
    0xfe, 0x0, 0x0, 0x1f, 0xff, 0xff, 0xf3, 0x6f,
    0xff, 0xff, 0xf0, 0x0, 0x2, 0xff, 0xff, 0xff,
    0x36, 0xff, 0xff, 0xff, 0x30, 0x0, 0x7f, 0xff,
    0xff, 0xf3, 0x4f, 0xff, 0xff, 0xfe, 0x53, 0x7f,
    0xff, 0xff, 0xff, 0x31, 0xff, 0xff, 0xff, 0xff,
    0xff, 0xff, 0xff, 0xff, 0xf3, 0xb, 0xff, 0xff,
    0xff, 0xff, 0xfd, 0xcf, 0xff, 0xff, 0x30, 0x3f,
    0xff, 0xff, 0xff, 0xff, 0x4c, 0xff, 0xff, 0xf3,
    0x0, 0x5f, 0xff, 0xff, 0xff, 0x70, 0xbf, 0xff,
    0xff, 0x30, 0x0, 0x29, 0xdf, 0xfb, 0x40, 0xb,
    0xff, 0xff, 0xf3,

    0xaf, 0xff, 0xff, 0xe0, 0x0, 0x0, 0x9, 0xff,
    0xff, 0xfd, 0x4, 0xff, 0xff, 0xff, 0x30, 0x0,
    0x0, 0xdf, 0xff, 0xff, 0x80, 0xe, 0xff, 0xff,
    0xf7, 0x0, 0x0, 0x2f, 0xff, 0xff, 0xf2, 0x0,
    0x9f, 0xff, 0xff, 0xb0, 0x0, 0x6, 0xff, 0xff,
    0xfd, 0x0, 0x4, 0xff, 0xff, 0xff, 0x0, 0x0,
    0xaf, 0xff, 0xff, 0x70, 0x0, 0xe, 0xff, 0xff,
    0xf4, 0x0, 0xe, 0xff, 0xff, 0xf1, 0x0, 0x0,
    0x9f, 0xff, 0xff, 0x90, 0x3, 0xff, 0xff, 0xfc,
    0x0, 0x0, 0x3, 0xff, 0xff, 0xfd, 0x0, 0x7f,
    0xff, 0xff, 0x60, 0x0, 0x0, 0xd, 0xff, 0xff,
    0xf1, 0xb, 0xff, 0xff, 0xf1, 0x0, 0x0, 0x0,
    0x8f, 0xff, 0xff, 0x50, 0xff, 0xff, 0xfb, 0x0,
    0x0, 0x0, 0x3, 0xff, 0xff, 0xf9, 0x3f, 0xff,
    0xff, 0x60, 0x0, 0x0, 0x0, 0xd, 0xff, 0xff,
    0xd7, 0xff, 0xff, 0xf1, 0x0, 0x0, 0x0, 0x0,
    0x7f, 0xff, 0xff, 0xbf, 0xff, 0xfb, 0x0, 0x0,
    0x0, 0x0, 0x2, 0xff, 0xff, 0xff, 0xff, 0xff,
    0x50, 0x0, 0x0, 0x0, 0x0, 0xc, 0xff, 0xff,
    0xff, 0xff, 0xf0, 0x0, 0x0, 0x0, 0x0, 0x0,
    0x7f, 0xff, 0xff, 0xff, 0xfa, 0x0, 0x0, 0x0,
    0x0, 0x0, 0x1, 0xff, 0xff, 0xff, 0xff, 0x40,
    0x0, 0x0, 0x0, 0x0, 0x0, 0xc, 0xff, 0xff,
    0xff, 0xe0, 0x0, 0x0, 0x0,

    0xe, 0xff, 0xff, 0xf9, 0x0, 0x0, 0xcf, 0xff,
    0xfd, 0x0, 0x0, 0xaf, 0xff, 0xff, 0xe0, 0x9,
    0xff, 0xff, 0xfc, 0x0, 0x0, 0xff, 0xff, 0xff,
    0x0, 0x0, 0xdf, 0xff, 0xff, 0xa0, 0x5, 0xff,
    0xff, 0xff, 0x0, 0x3, 0xff, 0xff, 0xff, 0x30,
    0x0, 0xff, 0xff, 0xff, 0x60, 0x1, 0xff, 0xff,
    0xff, 0x20, 0x6, 0xff, 0xff, 0xff, 0x70, 0x3,
    0xff, 0xff, 0xff, 0x10, 0x0, 0xcf, 0xff, 0xff,
    0x50, 0x9, 0xff, 0xff, 0xff, 0xa0, 0x6, 0xff,
    0xff, 0xfd, 0x0, 0x0, 0x7f, 0xff, 0xff, 0x80,
    0xd, 0xff, 0xff, 0xff, 0xd0, 0x9, 0xff, 0xff,
    0xf8, 0x0, 0x0, 0x3f, 0xff, 0xff, 0xa0, 0xf,
    0xff, 0xff, 0xff, 0xf0, 0xb, 0xff, 0xff, 0xf4,
    0x0, 0x0, 0xe, 0xff, 0xff, 0xd0, 0x4f, 0xff,
    0xff, 0xff, 0xf3, 0xe, 0xff, 0xff, 0xf0, 0x0,
    0x0, 0xa, 0xff, 0xff, 0xf0, 0x7f, 0xff, 0xdd,
    0xff, 0xf7, 0x1f, 0xff, 0xff, 0xa0, 0x0, 0x0,
    0x6, 0xff, 0xff, 0xf3, 0xbf, 0xff, 0xaa, 0xff,
    0xfa, 0x4f, 0xff, 0xff, 0x60, 0x0, 0x0, 0x1,
    0xff, 0xff, 0xf6, 0xef, 0xff, 0x77, 0xff, 0xfd,
    0x6f, 0xff, 0xff, 0x10, 0x0, 0x0, 0x0, 0xdf,
    0xff, 0xfa, 0xff, 0xff, 0x33, 0xff, 0xff, 0xaf,
    0xff, 0xfd, 0x0, 0x0, 0x0, 0x0, 0x8f, 0xff,
    0xff, 0xff, 0xff, 0x0, 0xff, 0xff, 0xff, 0xff,
    0xf8, 0x0, 0x0, 0x0, 0x0, 0x4f, 0xff, 0xff,
    0xff, 0xfb, 0x0, 0xbf, 0xff, 0xff, 0xff, 0xf4,
    0x0, 0x0, 0x0, 0x0, 0xf, 0xff, 0xff, 0xff,
    0xf6, 0x0, 0x6f, 0xff, 0xff, 0xff, 0xf0, 0x0,
    0x0, 0x0, 0x0, 0xb, 0xff, 0xff, 0xff, 0xf2,
    0x0, 0x2f, 0xff, 0xff, 0xff, 0xb0, 0x0, 0x0,
    0x0, 0x0, 0x6, 0xff, 0xff, 0xff, 0xd0, 0x0,
    0xd, 0xff, 0xff, 0xff, 0x60, 0x0, 0x0, 0x0,
    0x0, 0x2, 0xff, 0xff, 0xff, 0x90, 0x0, 0x9,
    0xff, 0xff, 0xff, 0x20, 0x0, 0x0,

    0x1f, 0xff, 0xff, 0xf7, 0x0, 0x0, 0xcf, 0xff,
    0xff, 0xa0, 0x7, 0xff, 0xff, 0xfe, 0x0, 0x4,
    0xff, 0xff, 0xff, 0x10, 0x0, 0xef, 0xff, 0xff,
    0x60, 0xc, 0xff, 0xff, 0xf7, 0x0, 0x0, 0x5f,
    0xff, 0xff, 0xd0, 0x4f, 0xff, 0xff, 0xd0, 0x0,
    0x0, 0xc, 0xff, 0xff, 0xf4, 0xbf, 0xff, 0xff,
    0x50, 0x0, 0x0, 0x4, 0xff, 0xff, 0xfc, 0xff,
    0xff, 0xfb, 0x0, 0x0, 0x0, 0x0, 0xbf, 0xff,
    0xff, 0xff, 0xff, 0xf2, 0x0, 0x0, 0x0, 0x0,
    0x2f, 0xff, 0xff, 0xff, 0xff, 0x90, 0x0, 0x0,
    0x0, 0x0, 0x9, 0xff, 0xff, 0xff, 0xff, 0x10,
    0x0, 0x0, 0x0, 0x0, 0xd, 0xff, 0xff, 0xff,
    0xff, 0x40, 0x0, 0x0, 0x0, 0x0, 0x6f, 0xff,
    0xff, 0xff, 0xff, 0xd0, 0x0, 0x0, 0x0, 0x0,
    0xef, 0xff, 0xff, 0xff, 0xff, 0xf6, 0x0, 0x0,
    0x0, 0x8, 0xff, 0xff, 0xf5, 0xff, 0xff, 0xfe,
    0x10, 0x0, 0x0, 0x2f, 0xff, 0xff, 0xe0, 0x9f,
    0xff, 0xff, 0x90, 0x0, 0x0, 0xaf, 0xff, 0xff,
    0x70, 0x2f, 0xff, 0xff, 0xf2, 0x0, 0x3, 0xff,
    0xff, 0xff, 0x0, 0xa, 0xff, 0xff, 0xfb, 0x0,
    0xc, 0xff, 0xff, 0xf8, 0x0, 0x2, 0xff, 0xff,
    0xff, 0x40, 0x5f, 0xff, 0xff, 0xf1, 0x0, 0x0,
    0xaf, 0xff, 0xff, 0xd0,

    0xaf, 0xff, 0xff, 0xe0, 0x0, 0x0, 0x7, 0xff,
    0xff, 0xff, 0x4, 0xff, 0xff, 0xff, 0x30, 0x0,
    0x0, 0xcf, 0xff, 0xff, 0x90, 0xe, 0xff, 0xff,
    0xf7, 0x0, 0x0, 0x1f, 0xff, 0xff, 0xf3, 0x0,
    0x9f, 0xff, 0xff, 0xb0, 0x0, 0x6, 0xff, 0xff,
    0xfd, 0x0, 0x3, 0xff, 0xff, 0xff, 0x0, 0x0,
    0xbf, 0xff, 0xff, 0x80, 0x0, 0xd, 0xff, 0xff,
    0xf4, 0x0, 0xf, 0xff, 0xff, 0xf2, 0x0, 0x0,
    0x7f, 0xff, 0xff, 0x90, 0x5, 0xff, 0xff, 0xfc,
    0x0, 0x0, 0x2, 0xff, 0xff, 0xfd, 0x0, 0x9f,
    0xff, 0xff, 0x60, 0x0, 0x0, 0xc, 0xff, 0xff,
    0xf1, 0xe, 0xff, 0xff, 0xf1, 0x0, 0x0, 0x0,
    0x6f, 0xff, 0xff, 0x53, 0xff, 0xff, 0xfb, 0x0,
    0x0, 0x0, 0x1, 0xff, 0xff, 0xf8, 0x7f, 0xff,
    0xff, 0x50, 0x0, 0x0, 0x0, 0xb, 0xff, 0xff,
    0xbb, 0xff, 0xff, 0xe0, 0x0, 0x0, 0x0, 0x0,
    0x5f, 0xff, 0xfe, 0xef, 0xff, 0xf9, 0x0, 0x0,
    0x0, 0x0, 0x0, 0xff, 0xff, 0xff, 0xff, 0xff,
    0x30, 0x0, 0x0, 0x0, 0x0, 0xa, 0xff, 0xff,
    0xff, 0xff, 0xd0, 0x0, 0x0, 0x0, 0x0, 0x0,
    0x4f, 0xff, 0xff, 0xff, 0xf8, 0x0, 0x0, 0x0,
    0x0, 0x0, 0x0, 0xef, 0xff, 0xff, 0xff, 0x20,
    0x0, 0x0, 0x0, 0x0, 0x0, 0x9, 0xff, 0xff,
    0xff, 0xc0, 0x0, 0x0, 0x0, 0x0, 0x0, 0x0,
    0x3f, 0xff, 0xff, 0xf6, 0x0, 0x0, 0x0, 0x0,
    0x0, 0x10, 0x5, 0xff, 0xff, 0xff, 0x10, 0x0,
    0x0, 0x0, 0x0, 0x3f, 0xee, 0xff, 0xff, 0xff,
    0x90, 0x0, 0x0, 0x0, 0x0, 0x8, 0xff, 0xff,
    0xff, 0xff, 0xf2, 0x0, 0x0, 0x0, 0x0, 0x0,
    0xdf, 0xff, 0xff, 0xff, 0xf6, 0x0, 0x0, 0x0,
    0x0, 0x0, 0x2f, 0xff, 0xff, 0xff, 0xf6, 0x0,
    0x0, 0x0, 0x0, 0x0, 0x2, 0xad, 0xef, 0xec,
    0x81, 0x0, 0x0, 0x0, 0x0, 0x0, 0x0,

    0xf, 0xff, 0xff, 0xff, 0xff, 0xff, 0xff, 0xfd,
    0x0, 0xff, 0xff, 0xff, 0xff, 0xff, 0xff, 0xff,
    0xd0, 0xf, 0xff, 0xff, 0xff, 0xff, 0xff, 0xff,
    0xfd, 0x0, 0xff, 0xff, 0xff, 0xff, 0xff, 0xff,
    0xff, 0xc0, 0xe, 0xee, 0xee, 0xee, 0xff, 0xff,
    0xff, 0xf5, 0x0, 0x0, 0x0, 0x0, 0x2e, 0xff,
    0xff, 0xf9, 0x0, 0x0, 0x0, 0x0, 0xd, 0xff,
    0xff, 0xfd, 0x0, 0x0, 0x0, 0x0, 0xa, 0xff,
    0xff, 0xff, 0x20, 0x0, 0x0, 0x0, 0x7, 0xff,
    0xff, 0xff, 0x50, 0x0, 0x0, 0x0, 0x4, 0xff,
    0xff, 0xff, 0x90, 0x0, 0x0, 0x0, 0x2, 0xef,
    0xff, 0xff, 0xc0, 0x0, 0x0, 0x0, 0x0, 0xcf,
    0xff, 0xff, 0xf2, 0x0, 0x0, 0x0, 0x0, 0xaf,
    0xff, 0xff, 0xf5, 0x0, 0x0, 0x0, 0x0, 0x7f,
    0xff, 0xff, 0xff, 0xee, 0xee, 0xee, 0xe1, 0x2f,
    0xff, 0xff, 0xff, 0xff, 0xff, 0xff, 0xff, 0x13,
    0xff, 0xff, 0xff, 0xff, 0xff, 0xff, 0xff, 0xf1,
    0x3f, 0xff, 0xff, 0xff, 0xff, 0xff, 0xff, 0xff,
    0x13, 0xff, 0xff, 0xff, 0xff, 0xff, 0xff, 0xff,
    0xf1,

    0x0, 0x0, 0x0, 0x2, 0x58, 0x89, 0x80, 0x0,
    0x0, 0x2b, 0xff, 0xff, 0xfd, 0x0, 0x0, 0x1e,
    0xff, 0xff, 0xff, 0xd0, 0x0, 0xb, 0xff, 0xff,
    0xff, 0xfd, 0x0, 0x0, 0xff, 0xff, 0xff, 0xff,
    0xd0, 0x0, 0x3f, 0xff, 0xff, 0xf8, 0x10, 0x0,
    0x4, 0xff, 0xff, 0xfc, 0x0, 0x0, 0x0, 0x5f,
    0xff, 0xff, 0x90, 0x0, 0x0, 0x5, 0xff, 0xff,
    0xf8, 0x0, 0x0, 0x0, 0x6f, 0xff, 0xff, 0x80,
    0x0, 0x0, 0x8, 0xff, 0xff, 0xf8, 0x0, 0x0,
    0x2, 0xff, 0xff, 0xff, 0x50, 0x0, 0x7a, 0xff,
    0xff, 0xff, 0xf1, 0x0, 0xd, 0xff, 0xff, 0xff,
    0xf4, 0x0, 0x0, 0xdf, 0xff, 0xff, 0xa2, 0x0,
    0x0, 0xd, 0xff, 0xff, 0xb2, 0x0, 0x0, 0x0,
    0xdf, 0xff, 0xff, 0xfa, 0x0, 0x0, 0xd, 0xff,
    0xff, 0xff, 0xfb, 0x0, 0x0, 0x2, 0x8f, 0xff,
    0xff, 0xf4, 0x0, 0x0, 0x0, 0xbf, 0xff, 0xff,
    0x70, 0x0, 0x0, 0x6, 0xff, 0xff, 0xf8, 0x0,
    0x0, 0x0, 0x5f, 0xff, 0xff, 0x80, 0x0, 0x0,
    0x5, 0xff, 0xff, 0xf8, 0x0, 0x0, 0x0, 0x5f,
    0xff, 0xff, 0xa0, 0x0, 0x0, 0x4, 0xff, 0xff,
    0xff, 0x20, 0x0, 0x0, 0x2f, 0xff, 0xff, 0xff,
    0xc9, 0x0, 0x0, 0xdf, 0xff, 0xff, 0xff, 0xd0,
    0x0, 0x5, 0xff, 0xff, 0xff, 0xfd, 0x0, 0x0,
    0x7, 0xff, 0xff, 0xff, 0xd0, 0x0, 0x0, 0x2,
    0x7b, 0xde, 0xfd,

    0x9f, 0xff, 0xff, 0x89, 0xff, 0xff, 0xf8, 0x9f,
    0xff, 0xff, 0x89, 0xff, 0xff, 0xf8, 0x9f, 0xff,
    0xff, 0x89, 0xff, 0xff, 0xf8, 0x9f, 0xff, 0xff,
    0x89, 0xff, 0xff, 0xf8, 0x9f, 0xff, 0xff, 0x89,
    0xff, 0xff, 0xf8, 0x9f, 0xff, 0xff, 0x89, 0xff,
    0xff, 0xf8, 0x9f, 0xff, 0xff, 0x89, 0xff, 0xff,
    0xf8, 0x9f, 0xff, 0xff, 0x89, 0xff, 0xff, 0xf8,
    0x9f, 0xff, 0xff, 0x89, 0xff, 0xff, 0xf8, 0x9f,
    0xff, 0xff, 0x89, 0xff, 0xff, 0xf8, 0x9f, 0xff,
    0xff, 0x89, 0xff, 0xff, 0xf8, 0x9f, 0xff, 0xff,
    0x89, 0xff, 0xff, 0xf8, 0x9f, 0xff, 0xff, 0x89,
    0xff, 0xff, 0xf8, 0x9f, 0xff, 0xff, 0x89, 0xff,
    0xff, 0xf8, 0x9f, 0xff, 0xff, 0x89, 0xff, 0xff,
    0xf8, 0x9f, 0xff, 0xff, 0x89, 0xff, 0xff, 0xf8,
    0x9f, 0xff, 0xff, 0x89, 0xff, 0xff, 0xf8, 0x9f,
    0xff, 0xff, 0x89, 0xff, 0xff, 0xf8, 0x9f, 0xff,
    0xff, 0x89, 0xff, 0xff, 0xf8, 0x9f, 0xff, 0xff,
    0x80,

    0x69, 0x88, 0x62, 0x0, 0x0, 0x0, 0x0, 0xbf,
    0xff, 0xff, 0xd3, 0x0, 0x0, 0x0, 0xbf, 0xff,
    0xff, 0xff, 0x30, 0x0, 0x0, 0xbf, 0xff, 0xff,
    0xff, 0xd0, 0x0, 0x0, 0xbf, 0xff, 0xff, 0xff,
    0xf3, 0x0, 0x0, 0x1, 0x6f, 0xff, 0xff, 0xf6,
    0x0, 0x0, 0x0, 0x9, 0xff, 0xff, 0xf7, 0x0,
    0x0, 0x0, 0x6, 0xff, 0xff, 0xf7, 0x0, 0x0,
    0x0, 0x5, 0xff, 0xff, 0xf8, 0x0, 0x0, 0x0,
    0x5, 0xff, 0xff, 0xf8, 0x0, 0x0, 0x0, 0x5,
    0xff, 0xff, 0xfb, 0x0, 0x0, 0x0, 0x3, 0xff,
    0xff, 0xff, 0x30, 0x0, 0x0, 0x0, 0xdf, 0xff,
    0xff, 0xfb, 0x90, 0x0, 0x0, 0x2e, 0xff, 0xff,
    0xff, 0xf0, 0x0, 0x0, 0x1, 0x9e, 0xff, 0xff,
    0xf0, 0x0, 0x0, 0x0, 0x19, 0xff, 0xff, 0xf0,
    0x0, 0x0, 0x8, 0xff, 0xff, 0xff, 0xf0, 0x0,
    0x0, 0x9f, 0xff, 0xff, 0xff, 0xf0, 0x0, 0x1,
    0xff, 0xff, 0xff, 0xa2, 0x0, 0x0, 0x4, 0xff,
    0xff, 0xfd, 0x0, 0x0, 0x0, 0x5, 0xff, 0xff,
    0xf9, 0x0, 0x0, 0x0, 0x5, 0xff, 0xff, 0xf8,
    0x0, 0x0, 0x0, 0x5, 0xff, 0xff, 0xf8, 0x0,
    0x0, 0x0, 0x7, 0xff, 0xff, 0xf7, 0x0, 0x0,
    0x0, 0x1e, 0xff, 0xff, 0xf6, 0x0, 0x0, 0x7b,
    0xff, 0xff, 0xff, 0xf4, 0x0, 0x0, 0xbf, 0xff,
    0xff, 0xff, 0xf0, 0x0, 0x0, 0xbf, 0xff, 0xff,
    0xff, 0x70, 0x0, 0x0, 0xbf, 0xff, 0xff, 0xf9,
    0x0, 0x0, 0x0, 0xaf, 0xee, 0xc8, 0x30, 0x0,
    0x0, 0x0,

    0x0, 0x0, 0x2, 0x0, 0x0, 0x0, 0x0, 0x0,
    0x0, 0x0, 0x3, 0xcf, 0xff, 0xb3, 0x0, 0x0,
    0x8b, 0xbb, 0x90, 0x3, 0xff, 0xff, 0xff, 0xf7,
    0x0, 0xd, 0xff, 0xfd, 0x0, 0xcf, 0xff, 0xff,
    0xff, 0xfa, 0x38, 0xff, 0xff, 0xc0, 0x3f, 0xff,
    0xff, 0xff, 0xff, 0xff, 0xff, 0xff, 0xf9, 0x7,
    0xff, 0xff, 0xff, 0xff, 0xff, 0xff, 0xff, 0xff,
    0x40, 0x9f, 0xff, 0xf7, 0x5, 0xff, 0xff, 0xff,
    0xff, 0xd0, 0xa, 0xff, 0xff, 0x0, 0x3, 0xef,
    0xff, 0xff, 0xf3, 0x0, 0x58, 0x88, 0x70, 0x0,
    0x0, 0x8d, 0xfe, 0xa2, 0x0, 0x0
};

static const lv_font_fmt_txt_glyph_dsc_t glyph_dsc[] = {
    {.bitmap_index = 0, .adv_w = 0, .box_w = 0, .box_h = 0, .ofs_x = 0, .ofs_y = 0} ,
    {.bitmap_index = 0, .adv_w = 102, .box_w = 0, .box_h = 0, .ofs_x = 0, .ofs_y = 0},
    {.bitmap_index = 0, .adv_w = 195, .box_w = 8, .box_h = 24, .ofs_x = 2, .ofs_y = 0},
    {.bitmap_index = 96, .adv_w = 320, .box_w = 14, .box_h = 11, .ofs_x = 3, .ofs_y = 13},
    {.bitmap_index = 173, .adv_w = 339, .box_w = 21, .box_h = 24, .ofs_x = 0, .ofs_y = 0},
    {.bitmap_index = 425, .adv_w = 341, .box_w = 21, .box_h = 30, .ofs_x = 0, .ofs_y = -3},
    {.bitmap_index = 740, .adv_w = 535, .box_w = 30, .box_h = 24, .ofs_x = 2, .ofs_y = 0},
    {.bitmap_index = 1100, .adv_w = 356, .box_w = 23, .box_h = 24, .ofs_x = 0, .ofs_y = 0},
    {.bitmap_index = 1376, .adv_w = 191, .box_w = 6, .box_h = 11, .ofs_x = 3, .ofs_y = 13},
    {.bitmap_index = 1409, .adv_w = 199, .box_w = 10, .box_h = 30, .ofs_x = 2, .ofs_y = -4},
    {.bitmap_index = 1559, .adv_w = 199, .box_w = 11, .box_h = 30, .ofs_x = 0, .ofs_y = -4},
    {.bitmap_index = 1724, .adv_w = 312, .box_w = 14, .box_h = 14, .ofs_x = 3, .ofs_y = 10},
    {.bitmap_index = 1822, .adv_w = 355, .box_w = 18, .box_h = 18, .ofs_x = 2, .ofs_y = 0},
    {.bitmap_index = 1984, .adv_w = 191, .box_w = 9, .box_h = 11, .ofs_x = 1, .ofs_y = -7},
    {.bitmap_index = 2034, .adv_w = 243, .box_w = 12, .box_h = 5, .ofs_x = 2, .ofs_y = 7},
    {.bitmap_index = 2064, .adv_w = 191, .box_w = 8, .box_h = 7, .ofs_x = 2, .ofs_y = 0},
    {.bitmap_index = 2092, .adv_w = 211, .box_w = 13, .box_h = 29, .ofs_x = 0, .ofs_y = -4},
    {.bitmap_index = 2281, .adv_w = 364, .box_w = 21, .box_h = 24, .ofs_x = 1, .ofs_y = 0},
    {.bitmap_index = 2533, .adv_w = 232, .box_w = 12, .box_h = 24, .ofs_x = 1, .ofs_y = 0},
    {.bitmap_index = 2677, .adv_w = 331, .box_w = 19, .box_h = 24, .ofs_x = 1, .ofs_y = 0},
    {.bitmap_index = 2905, .adv_w = 343, .box_w = 20, .box_h = 24, .ofs_x = 1, .ofs_y = 0},
    {.bitmap_index = 3145, .adv_w = 360, .box_w = 21, .box_h = 24, .ofs_x = 1, .ofs_y = 0},
    {.bitmap_index = 3397, .adv_w = 331, .box_w = 19, .box_h = 24, .ofs_x = 1, .ofs_y = 0},
    {.bitmap_index = 3625, .adv_w = 346, .box_w = 20, .box_h = 24, .ofs_x = 1, .ofs_y = 0},
    {.bitmap_index = 3865, .adv_w = 305, .box_w = 19, .box_h = 24, .ofs_x = 0, .ofs_y = 0},
    {.bitmap_index = 4093, .adv_w = 348, .box_w = 20, .box_h = 24, .ofs_x = 1, .ofs_y = 0},
    {.bitmap_index = 4333, .adv_w = 346, .box_w = 20, .box_h = 24, .ofs_x = 1, .ofs_y = 0},
    {.bitmap_index = 4573, .adv_w = 191, .box_w = 8, .box_h = 18, .ofs_x = 2, .ofs_y = 0},
    {.bitmap_index = 4645, .adv_w = 194, .box_w = 9, .box_h = 24, .ofs_x = 1, .ofs_y = -7},
    {.bitmap_index = 4753, .adv_w = 355, .box_w = 18, .box_h = 21, .ofs_x = 2, .ofs_y = -1},
    {.bitmap_index = 4942, .adv_w = 355, .box_w = 18, .box_h = 14, .ofs_x = 2, .ofs_y = 3},
    {.bitmap_index = 5068, .adv_w = 355, .box_w = 18, .box_h = 21, .ofs_x = 2, .ofs_y = -1},
    {.bitmap_index = 5257, .adv_w = 308, .box_w = 17, .box_h = 24, .ofs_x = 1, .ofs_y = 0},
    {.bitmap_index = 5461, .adv_w = 542, .box_w = 32, .box_h = 31, .ofs_x = 1, .ofs_y = -7},
    {.bitmap_index = 5957, .adv_w = 407, .box_w = 25, .box_h = 24, .ofs_x = 0, .ofs_y = 0},
    {.bitmap_index = 6257, .adv_w = 342, .box_w = 20, .box_h = 24, .ofs_x = 1, .ofs_y = 0},
    {.bitmap_index = 6497, .adv_w = 383, .box_w = 22, .box_h = 24, .ofs_x = 1, .ofs_y = 0},
    {.bitmap_index = 6761, .adv_w = 370, .box_w = 22, .box_h = 24, .ofs_x = 1, .ofs_y = 0},
    {.bitmap_index = 7025, .adv_w = 314, .box_w = 18, .box_h = 24, .ofs_x = 1, .ofs_y = 0},
    {.bitmap_index = 7241, .adv_w = 299, .box_w = 17, .box_h = 24, .ofs_x = 1, .ofs_y = 0},
    {.bitmap_index = 7445, .adv_w = 386, .box_w = 22, .box_h = 24, .ofs_x = 1, .ofs_y = 0},
    {.bitmap_index = 7709, .adv_w = 384, .box_w = 22, .box_h = 24, .ofs_x = 1, .ofs_y = 0},
    {.bitmap_index = 7973, .adv_w = 149, .box_w = 7, .box_h = 24, .ofs_x = 1, .ofs_y = 0},
    {.bitmap_index = 8057, .adv_w = 305, .box_w = 18, .box_h = 24, .ofs_x = 0, .ofs_y = 0},
    {.bitmap_index = 8273, .adv_w = 389, .box_w = 23, .box_h = 24, .ofs_x = 1, .ofs_y = 0},
    {.bitmap_index = 8549, .adv_w = 290, .box_w = 17, .box_h = 24, .ofs_x = 1, .ofs_y = 0},
    {.bitmap_index = 8753, .adv_w = 490, .box_w = 29, .box_h = 24, .ofs_x = 1, .ofs_y = 0},
    {.bitmap_index = 9101, .adv_w = 394, .box_w = 23, .box_h = 24, .ofs_x = 1, .ofs_y = 0},
    {.bitmap_index = 9377, .adv_w = 397, .box_w = 23, .box_h = 24, .ofs_x = 1, .ofs_y = 0},
    {.bitmap_index = 9653, .adv_w = 336, .box_w = 20, .box_h = 24, .ofs_x = 1, .ofs_y = 0},
    {.bitmap_index = 9893, .adv_w = 403, .box_w = 24, .box_h = 26, .ofs_x = 1, .ofs_y = -2},
    {.bitmap_index = 10205, .adv_w = 342, .box_w = 20, .box_h = 24, .ofs_x = 1, .ofs_y = 0},
    {.bitmap_index = 10445, .adv_w = 341, .box_w = 21, .box_h = 24, .ofs_x = 0, .ofs_y = 0},
    {.bitmap_index = 10697, .adv_w = 352, .box_w = 22, .box_h = 24, .ofs_x = 0, .ofs_y = 0},
    {.bitmap_index = 10961, .adv_w = 370, .box_w = 21, .box_h = 24, .ofs_x = 1, .ofs_y = 0},
    {.bitmap_index = 11213, .adv_w = 407, .box_w = 25, .box_h = 24, .ofs_x = 0, .ofs_y = 0},
    {.bitmap_index = 11513, .adv_w = 554, .box_w = 34, .box_h = 24, .ofs_x = 0, .ofs_y = 0},
    {.bitmap_index = 11921, .adv_w = 403, .box_w = 25, .box_h = 24, .ofs_x = 0, .ofs_y = 0},
    {.bitmap_index = 12221, .adv_w = 397, .box_w = 25, .box_h = 24, .ofs_x = 0, .ofs_y = 0},
    {.bitmap_index = 12521, .adv_w = 356, .box_w = 20, .box_h = 24, .ofs_x = 1, .ofs_y = 0},
    {.bitmap_index = 12761, .adv_w = 199, .box_w = 10, .box_h = 30, .ofs_x = 2, .ofs_y = -4},
    {.bitmap_index = 12911, .adv_w = 211, .box_w = 13, .box_h = 29, .ofs_x = 0, .ofs_y = -4},
    {.bitmap_index = 13100, .adv_w = 199, .box_w = 10, .box_h = 30, .ofs_x = 1, .ofs_y = -4},
    {.bitmap_index = 13250, .adv_w = 256, .box_w = 16, .box_h = 11, .ofs_x = 0, .ofs_y = 13},
    {.bitmap_index = 13338, .adv_w = 253, .box_w = 16, .box_h = 5, .ofs_x = 0, .ofs_y = -5},
    {.bitmap_index = 13378, .adv_w = 206, .box_w = 9, .box_h = 6, .ofs_x = 2, .ofs_y = 20},
    {.bitmap_index = 13405, .adv_w = 306, .box_w = 18, .box_h = 18, .ofs_x = 0, .ofs_y = 0},
    {.bitmap_index = 13567, .adv_w = 331, .box_w = 19, .box_h = 24, .ofs_x = 1, .ofs_y = 0},
    {.bitmap_index = 13795, .adv_w = 309, .box_w = 19, .box_h = 18, .ofs_x = 0, .ofs_y = 0},
    {.bitmap_index = 13966, .adv_w = 331, .box_w = 20, .box_h = 24, .ofs_x = 0, .ofs_y = 0},
    {.bitmap_index = 14206, .adv_w = 311, .box_w = 19, .box_h = 18, .ofs_x = 0, .ofs_y = 0},
    {.bitmap_index = 14377, .adv_w = 216, .box_w = 14, .box_h = 25, .ofs_x = 0, .ofs_y = 0},
    {.bitmap_index = 14552, .adv_w = 332, .box_w = 20, .box_h = 25, .ofs_x = 0, .ofs_y = -7},
    {.bitmap_index = 14802, .adv_w = 333, .box_w = 19, .box_h = 24, .ofs_x = 1, .ofs_y = 0},
    {.bitmap_index = 15030, .adv_w = 152, .box_w = 7, .box_h = 26, .ofs_x = 1, .ofs_y = 0},
    {.bitmap_index = 15121, .adv_w = 152, .box_w = 10, .box_h = 32, .ofs_x = -2, .ofs_y = -7},
    {.bitmap_index = 15281, .adv_w = 311, .box_w = 19, .box_h = 24, .ofs_x = 1, .ofs_y = 0},
    {.bitmap_index = 15509, .adv_w = 152, .box_w = 7, .box_h = 24, .ofs_x = 1, .ofs_y = 0},
    {.bitmap_index = 15593, .adv_w = 483, .box_w = 28, .box_h = 18, .ofs_x = 1, .ofs_y = 0},
    {.bitmap_index = 15845, .adv_w = 333, .box_w = 19, .box_h = 18, .ofs_x = 1, .ofs_y = 0},
    {.bitmap_index = 16016, .adv_w = 320, .box_w = 20, .box_h = 18, .ofs_x = 0, .ofs_y = 0},
    {.bitmap_index = 16196, .adv_w = 331, .box_w = 19, .box_h = 25, .ofs_x = 1, .ofs_y = -7},
    {.bitmap_index = 16434, .adv_w = 331, .box_w = 20, .box_h = 25, .ofs_x = 0, .ofs_y = -7},
    {.bitmap_index = 16684, .adv_w = 222, .box_w = 13, .box_h = 18, .ofs_x = 1, .ofs_y = 0},
    {.bitmap_index = 16801, .adv_w = 301, .box_w = 18, .box_h = 18, .ofs_x = 0, .ofs_y = 0},
    {.bitmap_index = 16963, .adv_w = 205, .box_w = 13, .box_h = 23, .ofs_x = 0, .ofs_y = 0},
    {.bitmap_index = 17113, .adv_w = 333, .box_w = 19, .box_h = 18, .ofs_x = 1, .ofs_y = 0},
    {.bitmap_index = 17284, .adv_w = 324, .box_w = 21, .box_h = 18, .ofs_x = 0, .ofs_y = 0},
    {.bitmap_index = 17473, .adv_w = 449, .box_w = 30, .box_h = 18, .ofs_x = -1, .ofs_y = 0},
    {.bitmap_index = 17743, .adv_w = 312, .box_w = 20, .box_h = 18, .ofs_x = 0, .ofs_y = 0},
    {.bitmap_index = 17923, .adv_w = 326, .box_w = 21, .box_h = 25, .ofs_x = 0, .ofs_y = -7},
    {.bitmap_index = 18186, .adv_w = 302, .box_w = 17, .box_h = 18, .ofs_x = 1, .ofs_y = 0},
    {.bitmap_index = 18339, .adv_w = 259, .box_w = 13, .box_h = 30, .ofs_x = 2, .ofs_y = -4},
    {.bitmap_index = 18534, .adv_w = 208, .box_w = 7, .box_h = 39, .ofs_x = 3, .ofs_y = -8},
    {.bitmap_index = 18671, .adv_w = 259, .box_w = 14, .box_h = 30, .ofs_x = 1, .ofs_y = -4},
    {.bitmap_index = 18881, .adv_w = 355, .box_w = 19, .box_h = 9, .ofs_x = 2, .ofs_y = 6}
};

static const lv_font_fmt_txt_cmap_t cmaps[] =
{
    {
        .range_start = 32, .range_length = 95, .glyph_id_start = 1,
        .unicode_list = NULL, .glyph_id_ofs_list = NULL, .list_length = 0, .type = LV_FONT_FMT_TXT_CMAP_FORMAT0_TINY
    }
};

static const uint8_t kern_pair_glyph_ids[] =
{
    3, 7,
    3, 13,
    3, 15,
    3, 21,
    7, 3,
    7, 8,
    7, 61,
    8, 7,
    8, 13,
    8, 15,
    8, 21,
    9, 93,
    11, 7,
    11, 13,
    11, 15,
    11, 21,
    11, 33,
    11, 64,
    12, 19,
    12, 24,
    12, 61,
    13, 1,
    13, 2,
    13, 3,
    13, 8,
    13, 17,
    13, 18,
    13, 20,
    13, 23,
    13, 24,
    13, 25,
    13, 26,
    13, 32,
    13, 33,
    14, 19,
    14, 24,
    14, 61,
    15, 1,
    15, 2,
    15, 3,
    15, 8,
    15, 17,
    15, 18,
    15, 20,
    15, 23,
    15, 24,
    15, 25,
    15, 26,
    15, 32,
    15, 33,
    16, 13,
    16, 15,
    16, 61,
    17, 13,
    17, 15,
    17, 24,
    17, 61,
    17, 64,
    18, 10,
    18, 62,
    18, 64,
    18, 94,
    19, 21,
    20, 13,
    20, 15,
    21, 11,
    21, 13,
    21, 15,
    21, 18,
    21, 63,
    22, 11,
    22, 13,
    22, 15,
    22, 63,
    23, 13,
    23, 15,
    23, 64,
    24, 4,
    24, 7,
    24, 13,
    24, 15,
    24, 17,
    24, 20,
    24, 21,
    24, 22,
    24, 23,
    24, 24,
    24, 25,
    24, 26,
    24, 27,
    24, 28,
    24, 29,
    24, 64,
    25, 13,
    25, 15,
    26, 13,
    26, 15,
    26, 24,
    26, 61,
    26, 64,
    27, 61,
    28, 61,
    30, 61,
    31, 24,
    31, 61,
    33, 13,
    33, 15,
    33, 16,
    33, 61,
    33, 64,
    60, 93,
    61, 3,
    61, 5,
    61, 8,
    61, 11,
    61, 12,
    61, 14,
    61, 16,
    61, 18,
    61, 29,
    61, 30,
    61, 32,
    61, 33,
    61, 61,
    61, 63,
    61, 95,
    63, 7,
    63, 13,
    63, 15,
    63, 21,
    63, 33,
    63, 64,
    64, 11,
    64, 17,
    64, 18,
    64, 20,
    64, 21,
    64, 22,
    64, 23,
    64, 25,
    64, 26,
    64, 33,
    64, 61,
    64, 63,
    64, 93,
    92, 93,
    93, 10,
    93, 62,
    93, 64,
    93, 94,
    95, 19,
    95, 24,
    95, 61
};

static const int8_t kern_pair_values[] =
{
    -17, -49, -49, -32, -17, -17, -32, -17,
    -49, -49, -32, 17, -17, -70, -70, -23,
    -11, -35, -6, -17, -20, -29, -11, -58,
    -58, -16, -48, -10, -16, -18, -17, -9,
    -45, -22, -6, -17, -20, -29, -11, -58,
    -58, -16, -48, -10, -16, -18, -17, -9,
    -45, -22, -20, -20, 7, -16, -16, -10,
    -20, -23, 17, 17, 17, 17, -8, -10,
    -10, -25, -17, -17, -27, -25, -5, -10,
    -10, -5, -14, -14, -23, -29, -23, -64,
    -64, -8, -8, -30, -5, -8, 10, -7,
    -5, -17, -17, -46, -81, -10, -10, -16,
    -16, -10, -20, -23, -32, -32, -35, -38,
    -38, -22, -22, -20, -23, -20, 17, -40,
    -14, -40, -55, -17, -17, 3, -32, -36,
    -26, -32, -25, -25, -55, -17, -17, -70,
    -70, -23, -11, -35, -35, -23, -55, -23,
    -29, -23, -23, -23, -23, -20, -40, -35,
    17, 17, 17, 17, 17, 17, -6, -17,
    -20
};

static const lv_font_fmt_txt_kern_pair_t kern_pairs =
{
    .glyph_ids = kern_pair_glyph_ids,
    .values = kern_pair_values,
    .pair_cnt = 153,
    .glyph_ids_size = 0
};

#if LVGL_VERSION_MAJOR == 8
static  lv_font_fmt_txt_glyph_cache_t cache;
#endif

#if LVGL_VERSION_MAJOR >= 8
static const lv_font_fmt_txt_dsc_t font_dsc = {
#else
static lv_font_fmt_txt_dsc_t font_dsc = {
#endif
    .glyph_bitmap = glyph_bitmap,
    .glyph_dsc = glyph_dsc,
    .cmaps = cmaps,
    .kern_dsc = &kern_pairs,
    .kern_scale = 16,
    .cmap_num = 1,
    .bpp = 4,
    .kern_classes = 0,
    .bitmap_format = 0,
#if LVGL_VERSION_MAJOR == 8
    .cache = &cache
#endif
};

#if LVGL_VERSION_MAJOR >= 8
const lv_font_t inter_black_32 = {
#else
lv_font_t inter_black_32 = {
#endif
    .get_glyph_dsc = lv_font_get_glyph_dsc_fmt_txt,
    .get_glyph_bitmap = lv_font_get_bitmap_fmt_txt,
    .line_height = 39,
    .base_line = 8,
#if !(LVGL_VERSION_MAJOR == 6 && LVGL_VERSION_MINOR == 0)
    .subpx = LV_FONT_SUBPX_NONE,
#endif
#if LV_VERSION_CHECK(7, 4, 0) || LVGL_VERSION_MAJOR >= 8
    .underline_position = -5,
    .underline_thickness = 4,
#endif
    .dsc = &font_dsc,
#if LV_VERSION_CHECK(8, 2, 0) || LVGL_VERSION_MAJOR >= 9
    .fallback = NULL,
#endif
    .user_data = NULL,
};

#endif
